"transaction_id","sale_date","customer_id","gender","age","age_group","product_category","quantity","total_amount","unit_price_calc"
1,2023-11-24,CUST001,Male,34,"20-35",Beauty,3,150.00,50.0000000000000000
2,2023-02-27,CUST002,Female,26,"20-35",Clothing,2,1000.00,500.0000000000000000
3,2023-01-13,CUST003,Male,50,"36-50",Electronics,1,30.00,30.0000000000000000
4,2023-05-21,CUST004,Male,37,"36-50",Clothing,1,500.00,500.0000000000000000
5,2023-05-06,CUST005,Male,30,"20-35",Beauty,2,100.00,50.0000000000000000
6,2023-04-25,CUST006,Female,45,"36-50",Beauty,1,30.00,30.0000000000000000
7,2023-03-13,CUST007,Male,46,"36-50",Clothing,2,50.00,25.0000000000000000
8,2023-02-22,CUST008,Male,30,"20-35",Electronics,4,100.00,25.0000000000000000
9,2023-12-13,CUST009,Male,63,"50+",Electronics,2,600.00,300.0000000000000000
10,2023-10-07,CUST010,Female,52,"50+",Clothing,4,200.00,50.0000000000000000
11,2023-02-14,CUST011,Male,23,"20-35",Clothing,2,100.00,50.0000000000000000
12,2023-10-30,CUST012,Male,35,"20-35",Beauty,3,75.00,25.0000000000000000
13,2023-08-05,CUST013,Male,22,"20-35",Electronics,3,1500.00,500.0000000000000000
14,2023-01-17,CUST014,Male,64,"50+",Clothing,4,120.00,30.0000000000000000
15,2023-01-16,CUST015,Female,42,"36-50",Electronics,4,2000.00,500.0000000000000000
16,2023-02-17,CUST016,Male,19,"18-20",Clothing,3,1500.00,500.0000000000000000
17,2023-04-22,CUST017,Female,27,"20-35",Clothing,4,100.00,25.0000000000000000
18,2023-04-30,CUST018,Female,47,"36-50",Electronics,2,50.00,25.0000000000000000
19,2023-09-16,CUST019,Female,62,"50+",Clothing,2,50.00,25.0000000000000000
20,2023-11-05,CUST020,Male,22,"20-35",Clothing,3,900.00,300.0000000000000000
21,2023-01-14,CUST021,Female,50,"36-50",Beauty,1,500.00,500.0000000000000000
22,2023-10-15,CUST022,Male,18,"18-20",Clothing,2,100.00,50.0000000000000000
23,2023-04-12,CUST023,Female,35,"20-35",Clothing,4,120.00,30.0000000000000000
24,2023-11-29,CUST024,Female,49,"36-50",Clothing,1,300.00,300.0000000000000000
25,2023-12-26,CUST025,Female,64,"50+",Beauty,1,50.00,50.0000000000000000
26,2023-10-07,CUST026,Female,28,"20-35",Electronics,2,1000.00,500.0000000000000000
27,2023-08-03,CUST027,Female,38,"36-50",Beauty,2,50.00,25.0000000000000000
28,2023-04-23,CUST028,Female,43,"36-50",Beauty,1,500.00,500.0000000000000000
29,2023-08-18,CUST029,Female,42,"36-50",Electronics,1,30.00,30.0000000000000000
30,2023-10-29,CUST030,Female,39,"36-50",Beauty,3,900.00,300.0000000000000000
31,2023-05-23,CUST031,Male,44,"36-50",Electronics,4,1200.00,300.0000000000000000
32,2023-01-04,CUST032,Male,30,"20-35",Beauty,3,90.00,30.0000000000000000
33,2023-03-23,CUST033,Female,50,"36-50",Electronics,2,100.00,50.0000000000000000
34,2023-12-24,CUST034,Female,51,"50+",Clothing,3,150.00,50.0000000000000000
35,2023-08-05,CUST035,Female,58,"50+",Beauty,3,900.00,300.0000000000000000
36,2023-06-24,CUST036,Male,52,"50+",Beauty,3,900.00,300.0000000000000000
37,2023-05-23,CUST037,Female,18,"18-20",Beauty,3,75.00,25.0000000000000000
38,2023-03-21,CUST038,Male,38,"36-50",Beauty,4,200.00,50.0000000000000000
39,2023-04-21,CUST039,Male,23,"20-35",Clothing,4,120.00,30.0000000000000000
40,2023-06-22,CUST040,Male,45,"36-50",Beauty,1,50.00,50.0000000000000000
41,2023-02-22,CUST041,Male,34,"20-35",Clothing,2,50.00,25.0000000000000000
42,2023-02-17,CUST042,Male,22,"20-35",Clothing,3,900.00,300.0000000000000000
43,2023-07-14,CUST043,Female,48,"36-50",Clothing,1,300.00,300.0000000000000000
44,2023-02-19,CUST044,Female,22,"20-35",Clothing,1,25.00,25.0000000000000000
45,2023-07-03,CUST045,Female,55,"50+",Electronics,1,30.00,30.0000000000000000
46,2023-06-26,CUST046,Female,20,"20-35",Electronics,4,1200.00,300.0000000000000000
47,2023-11-06,CUST047,Female,40,"36-50",Beauty,3,1500.00,500.0000000000000000
48,2023-05-16,CUST048,Male,54,"50+",Electronics,3,900.00,300.0000000000000000
49,2023-01-23,CUST049,Female,54,"50+",Electronics,2,1000.00,500.0000000000000000
50,2023-08-24,CUST050,Female,27,"20-35",Beauty,3,75.00,25.0000000000000000
51,2023-10-02,CUST051,Male,27,"20-35",Beauty,3,75.00,25.0000000000000000
52,2023-03-05,CUST052,Female,36,"36-50",Beauty,1,300.00,300.0000000000000000
53,2023-07-13,CUST053,Male,34,"20-35",Electronics,2,100.00,50.0000000000000000
54,2023-02-10,CUST054,Female,38,"36-50",Electronics,3,1500.00,500.0000000000000000
55,2023-10-10,CUST055,Male,31,"20-35",Beauty,4,120.00,30.0000000000000000
56,2023-05-31,CUST056,Female,26,"20-35",Clothing,3,900.00,300.0000000000000000
57,2023-11-18,CUST057,Female,63,"50+",Beauty,1,30.00,30.0000000000000000
58,2023-11-13,CUST058,Male,18,"18-20",Clothing,4,1200.00,300.0000000000000000
59,2023-07-05,CUST059,Male,62,"50+",Clothing,1,50.00,50.0000000000000000
60,2023-10-23,CUST060,Male,30,"20-35",Beauty,3,150.00,50.0000000000000000
61,2023-04-09,CUST061,Male,21,"20-35",Beauty,4,200.00,50.0000000000000000
62,2023-12-27,CUST062,Male,18,"18-20",Beauty,2,100.00,50.0000000000000000
63,2023-02-05,CUST063,Male,57,"50+",Electronics,2,50.00,25.0000000000000000
64,2023-01-24,CUST064,Male,49,"36-50",Clothing,4,100.00,25.0000000000000000
65,2023-12-05,CUST065,Male,51,"50+",Electronics,4,2000.00,500.0000000000000000
66,2023-04-27,CUST066,Female,45,"36-50",Electronics,1,30.00,30.0000000000000000
67,2023-05-29,CUST067,Female,48,"36-50",Beauty,4,1200.00,300.0000000000000000
68,2023-02-10,CUST068,Male,25,"20-35",Electronics,1,300.00,300.0000000000000000
69,2023-04-30,CUST069,Female,56,"50+",Beauty,3,75.00,25.0000000000000000
70,2023-02-21,CUST070,Female,43,"36-50",Clothing,1,300.00,300.0000000000000000
71,2023-07-14,CUST071,Female,51,"50+",Beauty,4,100.00,25.0000000000000000
72,2023-05-23,CUST072,Female,20,"20-35",Electronics,4,2000.00,500.0000000000000000
73,2023-08-21,CUST073,Male,29,"20-35",Electronics,3,90.00,30.0000000000000000
74,2023-11-22,CUST074,Female,18,"18-20",Beauty,4,2000.00,500.0000000000000000
75,2023-07-06,CUST075,Male,61,"50+",Beauty,4,200.00,50.0000000000000000
76,2023-03-25,CUST076,Female,22,"20-35",Electronics,2,100.00,50.0000000000000000
77,2023-07-09,CUST077,Female,47,"36-50",Clothing,2,100.00,50.0000000000000000
78,2023-07-01,CUST078,Female,47,"36-50",Clothing,3,1500.00,500.0000000000000000
79,2023-04-18,CUST079,Male,34,"20-35",Beauty,1,300.00,300.0000000000000000
80,2023-12-10,CUST080,Female,64,"50+",Clothing,2,60.00,30.0000000000000000
81,2023-05-17,CUST081,Male,40,"36-50",Electronics,1,50.00,50.0000000000000000
82,2023-12-26,CUST082,Female,32,"20-35",Beauty,4,200.00,50.0000000000000000
83,2023-12-16,CUST083,Male,54,"50+",Electronics,2,100.00,50.0000000000000000
84,2023-11-28,CUST084,Female,38,"36-50",Electronics,3,90.00,30.0000000000000000
85,2023-02-06,CUST085,Male,31,"20-35",Clothing,3,150.00,50.0000000000000000
86,2023-11-08,CUST086,Male,19,"18-20",Beauty,3,90.00,30.0000000000000000
87,2023-11-22,CUST087,Female,28,"20-35",Beauty,2,100.00,50.0000000000000000
88,2023-03-29,CUST088,Male,56,"50+",Clothing,1,500.00,500.0000000000000000
89,2023-10-01,CUST089,Female,55,"50+",Electronics,4,2000.00,500.0000000000000000
90,2023-05-06,CUST090,Female,51,"50+",Electronics,1,30.00,30.0000000000000000
91,2023-03-25,CUST091,Female,55,"50+",Electronics,1,500.00,500.0000000000000000
92,2023-08-25,CUST092,Female,51,"50+",Electronics,4,120.00,30.0000000000000000
93,2023-07-14,CUST093,Female,35,"20-35",Beauty,4,2000.00,500.0000000000000000
94,2023-05-19,CUST094,Female,47,"36-50",Beauty,2,1000.00,500.0000000000000000
95,2023-11-24,CUST095,Female,32,"20-35",Clothing,2,60.00,30.0000000000000000
96,2023-12-19,CUST096,Female,44,"36-50",Clothing,2,600.00,300.0000000000000000
97,2023-10-13,CUST097,Female,51,"50+",Beauty,2,1000.00,500.0000000000000000
98,2023-04-23,CUST098,Female,55,"50+",Beauty,2,100.00,50.0000000000000000
99,2023-12-17,CUST099,Female,50,"36-50",Electronics,4,1200.00,300.0000000000000000
100,2023-06-16,CUST100,Male,41,"36-50",Electronics,1,30.00,30.0000000000000000
101,2023-01-29,CUST101,Male,32,"20-35",Clothing,2,600.00,300.0000000000000000
102,2023-04-28,CUST102,Female,47,"36-50",Beauty,2,50.00,25.0000000000000000
103,2023-01-17,CUST103,Female,59,"50+",Clothing,1,25.00,25.0000000000000000
104,2023-06-11,CUST104,Female,34,"20-35",Beauty,2,1000.00,500.0000000000000000
105,2023-07-25,CUST105,Female,22,"20-35",Electronics,1,500.00,500.0000000000000000
106,2023-05-18,CUST106,Female,46,"36-50",Clothing,1,50.00,50.0000000000000000
107,2023-02-03,CUST107,Female,21,"20-35",Clothing,4,1200.00,300.0000000000000000
108,2023-04-19,CUST108,Female,27,"20-35",Beauty,3,75.00,25.0000000000000000
109,2023-10-18,CUST109,Female,34,"20-35",Electronics,4,2000.00,500.0000000000000000
110,2023-06-11,CUST110,Male,27,"20-35",Clothing,3,900.00,300.0000000000000000
111,2023-04-19,CUST111,Female,34,"20-35",Electronics,3,1500.00,500.0000000000000000
112,2023-12-02,CUST112,Male,37,"36-50",Clothing,3,1500.00,500.0000000000000000
113,2023-09-13,CUST113,Female,41,"36-50",Electronics,2,50.00,25.0000000000000000
114,2023-07-22,CUST114,Female,22,"20-35",Beauty,4,100.00,25.0000000000000000
115,2023-11-26,CUST115,Male,51,"50+",Clothing,3,1500.00,500.0000000000000000
116,2023-08-23,CUST116,Female,23,"20-35",Clothing,1,30.00,30.0000000000000000
117,2023-03-15,CUST117,Male,19,"18-20",Electronics,2,1000.00,500.0000000000000000
118,2023-05-16,CUST118,Female,30,"20-35",Electronics,4,2000.00,500.0000000000000000
119,2023-03-13,CUST119,Female,60,"50+",Clothing,3,150.00,50.0000000000000000
120,2023-05-07,CUST120,Male,60,"50+",Beauty,1,50.00,50.0000000000000000
121,2023-10-15,CUST121,Female,28,"20-35",Electronics,4,200.00,50.0000000000000000
122,2023-10-03,CUST122,Male,64,"50+",Electronics,4,120.00,30.0000000000000000
123,2023-05-15,CUST123,Female,40,"36-50",Electronics,2,60.00,30.0000000000000000
124,2023-10-27,CUST124,Male,33,"20-35",Clothing,4,2000.00,500.0000000000000000
125,2023-08-08,CUST125,Male,48,"36-50",Clothing,2,100.00,50.0000000000000000
126,2023-10-26,CUST126,Female,28,"20-35",Clothing,3,90.00,30.0000000000000000
127,2023-07-24,CUST127,Female,33,"20-35",Clothing,2,50.00,25.0000000000000000
128,2023-07-05,CUST128,Male,25,"20-35",Beauty,1,500.00,500.0000000000000000
129,2023-04-23,CUST129,Female,21,"20-35",Beauty,2,600.00,300.0000000000000000
130,2023-03-12,CUST130,Female,57,"50+",Clothing,1,500.00,500.0000000000000000
131,2023-09-18,CUST131,Female,21,"20-35",Beauty,2,600.00,300.0000000000000000
132,2023-09-10,CUST132,Male,42,"36-50",Electronics,4,200.00,50.0000000000000000
133,2023-02-16,CUST133,Male,20,"20-35",Electronics,3,900.00,300.0000000000000000
134,2023-01-25,CUST134,Male,49,"36-50",Electronics,1,50.00,50.0000000000000000
135,2023-02-26,CUST135,Male,20,"20-35",Clothing,2,50.00,25.0000000000000000
136,2023-03-20,CUST136,Male,44,"36-50",Electronics,2,600.00,300.0000000000000000
137,2023-11-18,CUST137,Male,46,"36-50",Beauty,2,1000.00,500.0000000000000000
138,2023-03-23,CUST138,Male,49,"36-50",Clothing,4,200.00,50.0000000000000000
139,2023-12-15,CUST139,Male,36,"36-50",Beauty,4,2000.00,500.0000000000000000
140,2023-08-05,CUST140,Male,38,"36-50",Electronics,1,30.00,30.0000000000000000
141,2023-11-02,CUST141,Female,22,"20-35",Electronics,1,50.00,50.0000000000000000
142,2023-02-02,CUST142,Male,35,"20-35",Electronics,4,1200.00,300.0000000000000000
143,2023-07-17,CUST143,Female,45,"36-50",Clothing,1,50.00,50.0000000000000000
144,2023-07-15,CUST144,Female,59,"50+",Beauty,3,1500.00,500.0000000000000000
145,2023-11-02,CUST145,Female,39,"36-50",Clothing,3,75.00,25.0000000000000000
146,2023-08-28,CUST146,Male,38,"36-50",Clothing,4,200.00,50.0000000000000000
147,2023-09-28,CUST147,Male,23,"20-35",Electronics,1,300.00,300.0000000000000000
148,2023-05-09,CUST148,Male,18,"18-20",Clothing,2,60.00,30.0000000000000000
149,2023-10-11,CUST149,Male,22,"20-35",Clothing,3,75.00,25.0000000000000000
150,2023-01-06,CUST150,Female,58,"50+",Electronics,4,120.00,30.0000000000000000
151,2023-12-15,CUST151,Male,29,"20-35",Clothing,1,50.00,50.0000000000000000
152,2023-02-28,CUST152,Male,43,"36-50",Electronics,4,2000.00,500.0000000000000000
153,2023-12-16,CUST153,Male,63,"50+",Electronics,2,1000.00,500.0000000000000000
154,2023-10-02,CUST154,Male,51,"50+",Electronics,3,900.00,300.0000000000000000
155,2023-05-17,CUST155,Male,31,"20-35",Electronics,4,2000.00,500.0000000000000000
156,2023-11-25,CUST156,Female,43,"36-50",Clothing,4,100.00,25.0000000000000000
157,2023-06-24,CUST157,Male,62,"50+",Electronics,4,2000.00,500.0000000000000000
158,2023-02-27,CUST158,Female,44,"36-50",Electronics,2,600.00,300.0000000000000000
159,2023-05-31,CUST159,Male,26,"20-35",Clothing,4,200.00,50.0000000000000000
160,2023-08-11,CUST160,Female,43,"36-50",Clothing,2,100.00,50.0000000000000000
161,2023-03-22,CUST161,Male,64,"50+",Beauty,2,1000.00,500.0000000000000000
162,2023-08-21,CUST162,Male,39,"36-50",Clothing,2,60.00,30.0000000000000000
163,2023-01-02,CUST163,Female,64,"50+",Clothing,3,150.00,50.0000000000000000
164,2023-05-15,CUST164,Female,47,"36-50",Beauty,3,1500.00,500.0000000000000000
165,2023-09-14,CUST165,Female,60,"50+",Clothing,4,1200.00,300.0000000000000000
166,2023-04-02,CUST166,Male,34,"20-35",Clothing,4,2000.00,500.0000000000000000
167,2023-09-17,CUST167,Female,43,"36-50",Clothing,3,150.00,50.0000000000000000
168,2023-02-24,CUST168,Male,53,"50+",Clothing,1,300.00,300.0000000000000000
169,2023-11-17,CUST169,Male,18,"18-20",Beauty,3,1500.00,500.0000000000000000
170,2023-06-02,CUST170,Female,25,"20-35",Clothing,2,50.00,25.0000000000000000
171,2023-11-24,CUST171,Female,52,"50+",Clothing,3,900.00,300.0000000000000000
172,2023-09-17,CUST172,Male,32,"20-35",Beauty,2,50.00,25.0000000000000000
173,2023-11-08,CUST173,Male,64,"50+",Electronics,4,120.00,30.0000000000000000
174,2023-04-12,CUST174,Female,39,"36-50",Beauty,1,300.00,300.0000000000000000
175,2023-03-20,CUST175,Female,31,"20-35",Electronics,4,100.00,25.0000000000000000
176,2023-07-11,CUST176,Female,43,"36-50",Beauty,2,100.00,50.0000000000000000
177,2023-03-24,CUST177,Male,45,"36-50",Beauty,2,100.00,50.0000000000000000
178,2023-10-04,CUST178,Male,40,"36-50",Clothing,2,60.00,30.0000000000000000
179,2023-09-29,CUST179,Male,31,"20-35",Electronics,1,300.00,300.0000000000000000
180,2023-01-01,CUST180,Male,41,"36-50",Clothing,3,900.00,300.0000000000000000
181,2023-11-03,CUST181,Male,19,"18-20",Electronics,4,1200.00,300.0000000000000000
182,2023-06-15,CUST182,Male,62,"50+",Beauty,4,120.00,30.0000000000000000
183,2023-09-08,CUST183,Female,43,"36-50",Beauty,3,900.00,300.0000000000000000
184,2023-01-10,CUST184,Male,31,"20-35",Electronics,4,200.00,50.0000000000000000
185,2023-02-27,CUST185,Male,24,"20-35",Clothing,1,25.00,25.0000000000000000
186,2023-07-05,CUST186,Male,20,"20-35",Clothing,4,200.00,50.0000000000000000
187,2023-06-07,CUST187,Female,64,"50+",Clothing,2,100.00,50.0000000000000000
188,2023-05-03,CUST188,Male,40,"36-50",Clothing,3,75.00,25.0000000000000000
189,2023-01-30,CUST189,Male,63,"50+",Beauty,1,50.00,50.0000000000000000
190,2023-05-04,CUST190,Female,60,"50+",Beauty,3,90.00,30.0000000000000000
191,2023-10-18,CUST191,Male,64,"50+",Beauty,1,25.00,25.0000000000000000
192,2023-02-10,CUST192,Male,62,"50+",Beauty,2,100.00,50.0000000000000000
193,2023-02-13,CUST193,Male,35,"20-35",Beauty,3,1500.00,500.0000000000000000
194,2023-09-06,CUST194,Male,55,"50+",Clothing,4,200.00,50.0000000000000000
195,2023-02-05,CUST195,Male,52,"50+",Clothing,1,30.00,30.0000000000000000
196,2023-09-30,CUST196,Female,32,"20-35",Clothing,3,900.00,300.0000000000000000
197,2023-03-06,CUST197,Female,42,"36-50",Clothing,4,200.00,50.0000000000000000
198,2023-03-07,CUST198,Female,54,"50+",Beauty,3,900.00,300.0000000000000000
199,2023-12-04,CUST199,Male,45,"36-50",Beauty,3,1500.00,500.0000000000000000
200,2023-09-01,CUST200,Male,27,"20-35",Beauty,3,150.00,50.0000000000000000
201,2023-10-09,CUST201,Male,56,"50+",Electronics,1,25.00,25.0000000000000000
202,2023-03-26,CUST202,Female,34,"20-35",Clothing,4,1200.00,300.0000000000000000
203,2023-05-16,CUST203,Male,56,"50+",Clothing,2,1000.00,500.0000000000000000
204,2023-09-28,CUST204,Male,39,"36-50",Beauty,1,25.00,25.0000000000000000
205,2023-11-07,CUST205,Female,43,"36-50",Clothing,1,25.00,25.0000000000000000
206,2023-08-05,CUST206,Male,61,"50+",Clothing,1,25.00,25.0000000000000000
207,2023-04-19,CUST207,Female,42,"36-50",Beauty,2,50.00,25.0000000000000000
208,2023-10-04,CUST208,Female,34,"20-35",Electronics,4,200.00,50.0000000000000000
209,2023-12-20,CUST209,Female,30,"20-35",Electronics,4,200.00,50.0000000000000000
210,2023-04-13,CUST210,Male,37,"36-50",Electronics,4,200.00,50.0000000000000000
211,2024-01-01,CUST211,Male,42,"36-50",Beauty,3,1500.00,500.0000000000000000
212,2023-06-09,CUST212,Male,21,"20-35",Clothing,3,1500.00,500.0000000000000000
213,2023-07-24,CUST213,Male,27,"20-35",Beauty,3,1500.00,500.0000000000000000
214,2023-12-10,CUST214,Male,20,"20-35",Beauty,2,60.00,30.0000000000000000
215,2023-11-29,CUST215,Male,58,"50+",Clothing,3,1500.00,500.0000000000000000
216,2023-07-11,CUST216,Male,62,"50+",Electronics,2,100.00,50.0000000000000000
217,2023-08-13,CUST217,Female,35,"20-35",Electronics,4,200.00,50.0000000000000000
218,2023-09-22,CUST218,Male,64,"50+",Beauty,3,90.00,30.0000000000000000
219,2023-08-20,CUST219,Female,53,"50+",Electronics,3,90.00,30.0000000000000000
220,2023-03-03,CUST220,Male,64,"50+",Beauty,1,500.00,500.0000000000000000
221,2023-05-07,CUST221,Male,39,"36-50",Beauty,2,600.00,300.0000000000000000
222,2023-04-26,CUST222,Male,51,"50+",Clothing,4,120.00,30.0000000000000000
223,2023-02-02,CUST223,Female,64,"50+",Clothing,1,25.00,25.0000000000000000
224,2023-06-23,CUST224,Female,25,"20-35",Clothing,1,50.00,50.0000000000000000
225,2023-01-11,CUST225,Female,57,"50+",Beauty,4,100.00,25.0000000000000000
226,2023-10-29,CUST226,Female,61,"50+",Clothing,1,50.00,50.0000000000000000
227,2023-10-11,CUST227,Male,36,"36-50",Electronics,2,100.00,50.0000000000000000
228,2023-04-28,CUST228,Female,59,"50+",Electronics,2,60.00,30.0000000000000000
229,2023-10-29,CUST229,Male,58,"50+",Beauty,3,90.00,30.0000000000000000
230,2023-04-23,CUST230,Male,54,"50+",Beauty,1,25.00,25.0000000000000000
231,2023-01-04,CUST231,Female,23,"20-35",Clothing,3,150.00,50.0000000000000000
232,2023-02-06,CUST232,Female,43,"36-50",Beauty,1,25.00,25.0000000000000000
233,2023-12-29,CUST233,Female,51,"50+",Beauty,2,600.00,300.0000000000000000
234,2023-11-20,CUST234,Female,62,"50+",Electronics,2,50.00,25.0000000000000000
235,2023-01-31,CUST235,Female,23,"20-35",Electronics,2,1000.00,500.0000000000000000
236,2023-04-28,CUST236,Female,54,"50+",Clothing,1,25.00,25.0000000000000000
237,2023-02-04,CUST237,Female,50,"36-50",Beauty,2,1000.00,500.0000000000000000
238,2023-01-17,CUST238,Female,39,"36-50",Beauty,1,500.00,500.0000000000000000
239,2023-06-19,CUST239,Male,38,"36-50",Electronics,3,1500.00,500.0000000000000000
240,2023-02-06,CUST240,Female,23,"20-35",Beauty,1,300.00,300.0000000000000000
241,2023-09-21,CUST241,Female,23,"20-35",Electronics,3,75.00,25.0000000000000000
242,2023-05-02,CUST242,Male,21,"20-35",Clothing,1,25.00,25.0000000000000000
243,2023-05-23,CUST243,Female,47,"36-50",Electronics,3,900.00,300.0000000000000000
244,2023-12-09,CUST244,Male,28,"20-35",Beauty,2,100.00,50.0000000000000000
245,2023-09-06,CUST245,Male,47,"36-50",Clothing,3,90.00,30.0000000000000000
246,2023-04-20,CUST246,Female,48,"36-50",Electronics,2,50.00,25.0000000000000000
247,2023-10-04,CUST247,Male,41,"36-50",Electronics,2,60.00,30.0000000000000000
248,2023-03-09,CUST248,Male,26,"20-35",Clothing,3,900.00,300.0000000000000000
249,2023-10-20,CUST249,Male,20,"20-35",Clothing,1,50.00,50.0000000000000000
250,2023-10-23,CUST250,Male,48,"36-50",Electronics,1,50.00,50.0000000000000000
251,2023-08-31,CUST251,Female,57,"50+",Beauty,4,200.00,50.0000000000000000
252,2023-05-05,CUST252,Male,54,"50+",Electronics,1,300.00,300.0000000000000000
253,2023-08-31,CUST253,Female,53,"50+",Clothing,4,2000.00,500.0000000000000000
254,2023-07-28,CUST254,Male,41,"36-50",Electronics,1,500.00,500.0000000000000000
255,2023-04-08,CUST255,Male,48,"36-50",Clothing,1,30.00,30.0000000000000000
256,2023-02-18,CUST256,Male,23,"20-35",Clothing,2,1000.00,500.0000000000000000
257,2023-02-19,CUST257,Male,19,"18-20",Beauty,4,2000.00,500.0000000000000000
258,2023-12-04,CUST258,Female,37,"36-50",Clothing,1,50.00,50.0000000000000000
259,2023-08-09,CUST259,Female,45,"36-50",Clothing,4,200.00,50.0000000000000000
260,2023-07-01,CUST260,Male,28,"20-35",Beauty,2,60.00,30.0000000000000000
261,2023-08-05,CUST261,Male,21,"20-35",Clothing,2,50.00,25.0000000000000000
262,2023-07-30,CUST262,Female,32,"20-35",Beauty,4,120.00,30.0000000000000000
263,2023-08-28,CUST263,Male,23,"20-35",Beauty,2,60.00,30.0000000000000000
264,2023-01-28,CUST264,Male,47,"36-50",Clothing,3,900.00,300.0000000000000000
265,2023-12-11,CUST265,Male,55,"50+",Clothing,3,900.00,300.0000000000000000
266,2023-12-01,CUST266,Female,19,"18-20",Electronics,2,60.00,30.0000000000000000
267,2023-11-27,CUST267,Female,32,"20-35",Beauty,3,90.00,30.0000000000000000
268,2023-02-20,CUST268,Female,28,"20-35",Electronics,1,30.00,30.0000000000000000
269,2023-02-01,CUST269,Male,25,"20-35",Clothing,4,2000.00,500.0000000000000000
270,2023-07-26,CUST270,Male,43,"36-50",Electronics,1,300.00,300.0000000000000000
271,2023-06-23,CUST271,Female,62,"50+",Beauty,4,120.00,30.0000000000000000
272,2023-02-25,CUST272,Female,61,"50+",Electronics,2,100.00,50.0000000000000000
273,2023-05-08,CUST273,Female,22,"20-35",Beauty,1,50.00,50.0000000000000000
274,2023-04-09,CUST274,Female,23,"20-35",Clothing,2,1000.00,500.0000000000000000
275,2023-04-08,CUST275,Male,43,"36-50",Clothing,2,1000.00,500.0000000000000000
276,2023-10-02,CUST276,Female,21,"20-35",Beauty,4,100.00,25.0000000000000000
277,2023-08-18,CUST277,Male,36,"36-50",Clothing,4,100.00,25.0000000000000000
278,2023-03-13,CUST278,Female,37,"36-50",Clothing,4,100.00,25.0000000000000000
279,2023-08-05,CUST279,Male,50,"36-50",Clothing,1,500.00,500.0000000000000000
280,2023-04-04,CUST280,Female,37,"36-50",Clothing,3,1500.00,500.0000000000000000
281,2023-05-23,CUST281,Female,29,"20-35",Beauty,4,2000.00,500.0000000000000000
282,2023-08-25,CUST282,Female,64,"50+",Electronics,4,200.00,50.0000000000000000
283,2023-05-08,CUST283,Female,18,"18-20",Electronics,1,500.00,500.0000000000000000
284,2023-02-08,CUST284,Male,43,"36-50",Clothing,4,200.00,50.0000000000000000
285,2023-08-15,CUST285,Female,31,"20-35",Electronics,1,25.00,25.0000000000000000
286,2023-10-09,CUST286,Male,55,"50+",Electronics,2,50.00,25.0000000000000000
287,2023-02-20,CUST287,Male,54,"50+",Clothing,4,100.00,25.0000000000000000
288,2023-01-26,CUST288,Male,28,"20-35",Clothing,4,120.00,30.0000000000000000
289,2023-11-30,CUST289,Male,53,"50+",Electronics,2,60.00,30.0000000000000000
290,2023-10-04,CUST290,Female,30,"20-35",Beauty,2,600.00,300.0000000000000000
291,2023-01-08,CUST291,Male,60,"50+",Clothing,2,600.00,300.0000000000000000
292,2023-02-17,CUST292,Male,20,"20-35",Beauty,4,1200.00,300.0000000000000000
293,2023-05-02,CUST293,Male,50,"36-50",Electronics,3,90.00,30.0000000000000000
294,2023-03-27,CUST294,Female,23,"20-35",Clothing,3,90.00,30.0000000000000000
295,2023-07-28,CUST295,Female,27,"20-35",Beauty,3,900.00,300.0000000000000000
296,2023-09-06,CUST296,Female,22,"20-35",Clothing,4,1200.00,300.0000000000000000
297,2023-09-04,CUST297,Female,40,"36-50",Electronics,2,1000.00,500.0000000000000000
298,2023-04-20,CUST298,Male,27,"20-35",Beauty,4,1200.00,300.0000000000000000
299,2023-07-25,CUST299,Male,61,"50+",Electronics,2,1000.00,500.0000000000000000
300,2023-01-31,CUST300,Female,19,"18-20",Electronics,4,200.00,50.0000000000000000
301,2023-03-26,CUST301,Male,30,"20-35",Clothing,4,120.00,30.0000000000000000
302,2023-07-14,CUST302,Male,57,"50+",Beauty,2,600.00,300.0000000000000000
303,2023-01-02,CUST303,Male,19,"18-20",Electronics,3,90.00,30.0000000000000000
304,2023-07-19,CUST304,Female,37,"36-50",Electronics,2,60.00,30.0000000000000000
305,2023-05-16,CUST305,Female,18,"18-20",Beauty,1,30.00,30.0000000000000000
306,2023-08-21,CUST306,Male,54,"50+",Electronics,1,50.00,50.0000000000000000
307,2023-05-27,CUST307,Female,26,"20-35",Electronics,2,50.00,25.0000000000000000
308,2023-08-05,CUST308,Female,34,"20-35",Beauty,4,1200.00,300.0000000000000000
309,2023-12-23,CUST309,Female,26,"20-35",Beauty,1,25.00,25.0000000000000000
310,2023-10-12,CUST310,Female,28,"20-35",Beauty,1,25.00,25.0000000000000000
311,2023-12-05,CUST311,Female,32,"20-35",Beauty,4,100.00,25.0000000000000000
312,2023-09-07,CUST312,Male,41,"36-50",Clothing,4,120.00,30.0000000000000000
313,2023-03-21,CUST313,Female,55,"50+",Beauty,3,1500.00,500.0000000000000000
314,2023-04-08,CUST314,Male,52,"50+",Clothing,4,120.00,30.0000000000000000
315,2023-06-01,CUST315,Male,47,"36-50",Clothing,2,60.00,30.0000000000000000
316,2023-04-22,CUST316,Female,48,"36-50",Clothing,2,50.00,25.0000000000000000
317,2023-01-30,CUST317,Male,22,"20-35",Electronics,3,90.00,30.0000000000000000
318,2023-10-24,CUST318,Male,61,"50+",Clothing,1,25.00,25.0000000000000000
319,2023-10-05,CUST319,Male,31,"20-35",Clothing,1,500.00,500.0000000000000000
320,2023-02-01,CUST320,Female,28,"20-35",Electronics,4,1200.00,300.0000000000000000
321,2023-06-10,CUST321,Female,26,"20-35",Electronics,2,50.00,25.0000000000000000
322,2023-01-30,CUST322,Male,51,"50+",Electronics,1,500.00,500.0000000000000000
323,2023-01-26,CUST323,Female,29,"20-35",Beauty,3,900.00,300.0000000000000000
324,2023-10-27,CUST324,Female,52,"50+",Electronics,3,150.00,50.0000000000000000
325,2023-09-02,CUST325,Female,52,"50+",Electronics,2,50.00,25.0000000000000000
326,2023-09-15,CUST326,Female,18,"18-20",Clothing,3,75.00,25.0000000000000000
327,2023-09-29,CUST327,Male,57,"50+",Electronics,3,150.00,50.0000000000000000
328,2023-03-22,CUST328,Male,39,"36-50",Beauty,2,100.00,50.0000000000000000
329,2023-01-30,CUST329,Female,46,"36-50",Electronics,4,100.00,25.0000000000000000
330,2023-09-18,CUST330,Female,25,"20-35",Beauty,4,200.00,50.0000000000000000
331,2023-02-11,CUST331,Male,28,"20-35",Electronics,3,90.00,30.0000000000000000
332,2023-04-06,CUST332,Male,58,"50+",Electronics,4,1200.00,300.0000000000000000
333,2023-02-05,CUST333,Female,54,"50+",Electronics,4,1200.00,300.0000000000000000
334,2023-11-01,CUST334,Male,31,"20-35",Electronics,3,900.00,300.0000000000000000
335,2023-02-04,CUST335,Female,47,"36-50",Beauty,4,120.00,30.0000000000000000
336,2023-12-12,CUST336,Female,52,"50+",Beauty,3,150.00,50.0000000000000000
337,2023-05-01,CUST337,Male,38,"36-50",Clothing,1,500.00,500.0000000000000000
338,2023-07-26,CUST338,Male,54,"50+",Beauty,2,100.00,50.0000000000000000
339,2023-03-03,CUST339,Female,22,"20-35",Electronics,2,50.00,25.0000000000000000
340,2023-10-19,CUST340,Female,36,"36-50",Clothing,4,1200.00,300.0000000000000000
341,2023-05-07,CUST341,Male,31,"20-35",Clothing,4,200.00,50.0000000000000000
342,2023-10-24,CUST342,Female,43,"36-50",Clothing,4,2000.00,500.0000000000000000
343,2023-11-01,CUST343,Male,21,"20-35",Electronics,2,50.00,25.0000000000000000
344,2023-01-21,CUST344,Female,42,"36-50",Beauty,1,30.00,30.0000000000000000
345,2023-11-14,CUST345,Male,62,"50+",Electronics,1,30.00,30.0000000000000000
346,2023-02-11,CUST346,Male,59,"50+",Clothing,2,1000.00,500.0000000000000000
347,2023-08-03,CUST347,Male,42,"36-50",Electronics,1,25.00,25.0000000000000000
348,2023-12-03,CUST348,Female,35,"20-35",Electronics,2,600.00,300.0000000000000000
349,2023-10-26,CUST349,Female,57,"50+",Beauty,1,50.00,50.0000000000000000
350,2023-10-17,CUST350,Male,25,"20-35",Beauty,3,75.00,25.0000000000000000
351,2023-09-25,CUST351,Female,56,"50+",Clothing,3,90.00,30.0000000000000000
352,2023-06-11,CUST352,Male,57,"50+",Electronics,2,1000.00,500.0000000000000000
353,2023-05-14,CUST353,Male,31,"20-35",Electronics,1,500.00,500.0000000000000000
354,2023-04-15,CUST354,Female,49,"36-50",Beauty,4,200.00,50.0000000000000000
355,2023-12-09,CUST355,Female,55,"50+",Electronics,1,500.00,500.0000000000000000
356,2023-06-10,CUST356,Male,50,"36-50",Electronics,3,1500.00,500.0000000000000000
357,2023-05-03,CUST357,Female,40,"36-50",Electronics,3,75.00,25.0000000000000000
358,2023-05-16,CUST358,Female,32,"20-35",Beauty,1,300.00,300.0000000000000000
359,2023-07-22,CUST359,Male,50,"36-50",Clothing,1,50.00,50.0000000000000000
360,2023-03-09,CUST360,Male,42,"36-50",Clothing,4,100.00,25.0000000000000000
361,2023-12-10,CUST361,Female,34,"20-35",Electronics,4,1200.00,300.0000000000000000
362,2023-11-27,CUST362,Male,50,"36-50",Clothing,1,25.00,25.0000000000000000
363,2023-06-03,CUST363,Male,64,"50+",Beauty,1,25.00,25.0000000000000000
364,2023-08-23,CUST364,Female,19,"18-20",Beauty,1,500.00,500.0000000000000000
365,2023-06-11,CUST365,Male,31,"20-35",Clothing,1,300.00,300.0000000000000000
366,2023-02-07,CUST366,Male,57,"50+",Clothing,2,100.00,50.0000000000000000
367,2023-01-05,CUST367,Female,57,"50+",Electronics,1,50.00,50.0000000000000000
368,2023-08-23,CUST368,Female,56,"50+",Clothing,4,1200.00,300.0000000000000000
369,2023-11-15,CUST369,Male,23,"20-35",Electronics,3,1500.00,500.0000000000000000
370,2023-10-16,CUST370,Male,23,"20-35",Electronics,2,60.00,30.0000000000000000
371,2023-02-21,CUST371,Female,20,"20-35",Beauty,1,25.00,25.0000000000000000
372,2023-02-07,CUST372,Female,24,"20-35",Beauty,3,1500.00,500.0000000000000000
373,2023-10-03,CUST373,Female,25,"20-35",Beauty,2,600.00,300.0000000000000000
374,2023-04-20,CUST374,Female,59,"50+",Beauty,3,75.00,25.0000000000000000
375,2023-09-17,CUST375,Male,32,"20-35",Clothing,1,50.00,50.0000000000000000
376,2023-05-16,CUST376,Female,64,"50+",Beauty,1,30.00,30.0000000000000000
377,2023-03-09,CUST377,Female,46,"36-50",Clothing,4,200.00,50.0000000000000000
378,2023-06-28,CUST378,Male,50,"36-50",Beauty,1,300.00,300.0000000000000000
379,2023-02-05,CUST379,Female,47,"36-50",Clothing,1,25.00,25.0000000000000000
380,2023-05-06,CUST380,Male,56,"50+",Electronics,2,600.00,300.0000000000000000
381,2023-07-09,CUST381,Female,44,"36-50",Clothing,4,100.00,25.0000000000000000
382,2023-05-26,CUST382,Female,53,"50+",Clothing,2,1000.00,500.0000000000000000
383,2023-03-22,CUST383,Female,46,"36-50",Beauty,3,90.00,30.0000000000000000
384,2023-08-13,CUST384,Male,55,"50+",Clothing,1,500.00,500.0000000000000000
385,2023-10-06,CUST385,Male,50,"36-50",Electronics,3,1500.00,500.0000000000000000
386,2023-12-27,CUST386,Female,54,"50+",Electronics,2,600.00,300.0000000000000000
387,2023-06-04,CUST387,Male,44,"36-50",Beauty,1,30.00,30.0000000000000000
388,2023-11-10,CUST388,Male,50,"36-50",Electronics,1,25.00,25.0000000000000000
389,2023-12-01,CUST389,Male,21,"20-35",Clothing,2,50.00,25.0000000000000000
390,2023-09-28,CUST390,Male,39,"36-50",Electronics,2,100.00,50.0000000000000000
391,2023-01-05,CUST391,Male,19,"18-20",Beauty,2,50.00,25.0000000000000000
392,2023-12-08,CUST392,Male,27,"20-35",Clothing,2,600.00,300.0000000000000000
393,2023-10-11,CUST393,Female,22,"20-35",Beauty,2,1000.00,500.0000000000000000
394,2023-06-03,CUST394,Female,27,"20-35",Clothing,1,500.00,500.0000000000000000
395,2023-12-06,CUST395,Male,50,"36-50",Electronics,2,1000.00,500.0000000000000000
396,2023-02-23,CUST396,Female,55,"50+",Beauty,1,30.00,30.0000000000000000
397,2023-03-10,CUST397,Female,30,"20-35",Beauty,1,25.00,25.0000000000000000
398,2023-05-16,CUST398,Female,48,"36-50",Clothing,2,600.00,300.0000000000000000
399,2023-03-01,CUST399,Female,64,"50+",Beauty,2,60.00,30.0000000000000000
400,2023-02-24,CUST400,Male,53,"50+",Clothing,4,200.00,50.0000000000000000
401,2023-10-11,CUST401,Female,62,"50+",Clothing,1,300.00,300.0000000000000000
402,2023-03-21,CUST402,Female,41,"36-50",Clothing,2,600.00,300.0000000000000000
403,2023-05-20,CUST403,Male,32,"20-35",Clothing,2,600.00,300.0000000000000000
404,2023-05-25,CUST404,Male,46,"36-50",Electronics,2,1000.00,500.0000000000000000
405,2023-11-06,CUST405,Female,25,"20-35",Clothing,4,1200.00,300.0000000000000000
406,2023-04-18,CUST406,Female,22,"20-35",Beauty,4,100.00,25.0000000000000000
407,2023-06-25,CUST407,Female,46,"36-50",Electronics,3,900.00,300.0000000000000000
408,2023-04-15,CUST408,Female,64,"50+",Beauty,1,500.00,500.0000000000000000
409,2023-12-18,CUST409,Female,21,"20-35",Electronics,3,900.00,300.0000000000000000
410,2023-11-21,CUST410,Female,29,"20-35",Clothing,2,100.00,50.0000000000000000
411,2023-05-16,CUST411,Male,62,"50+",Electronics,4,200.00,50.0000000000000000
412,2023-09-16,CUST412,Female,19,"18-20",Electronics,4,2000.00,500.0000000000000000
413,2023-09-08,CUST413,Female,44,"36-50",Beauty,3,75.00,25.0000000000000000
414,2023-05-09,CUST414,Male,48,"36-50",Beauty,4,100.00,25.0000000000000000
415,2023-01-27,CUST415,Male,53,"50+",Clothing,2,60.00,30.0000000000000000
416,2023-02-17,CUST416,Male,53,"50+",Electronics,4,2000.00,500.0000000000000000
417,2023-11-21,CUST417,Male,43,"36-50",Electronics,3,900.00,300.0000000000000000
418,2023-08-05,CUST418,Female,60,"50+",Electronics,2,1000.00,500.0000000000000000
419,2023-05-22,CUST419,Female,44,"36-50",Clothing,3,90.00,30.0000000000000000
420,2023-01-23,CUST420,Female,22,"20-35",Clothing,4,2000.00,500.0000000000000000
421,2023-01-02,CUST421,Female,37,"36-50",Clothing,3,1500.00,500.0000000000000000
422,2023-06-20,CUST422,Female,28,"20-35",Clothing,3,90.00,30.0000000000000000
423,2023-03-08,CUST423,Female,27,"20-35",Clothing,1,25.00,25.0000000000000000
424,2023-11-23,CUST424,Male,57,"50+",Beauty,4,1200.00,300.0000000000000000
425,2023-05-15,CUST425,Female,55,"50+",Electronics,4,120.00,30.0000000000000000
426,2023-03-24,CUST426,Male,23,"20-35",Electronics,3,150.00,50.0000000000000000
427,2023-08-15,CUST427,Male,25,"20-35",Electronics,1,25.00,25.0000000000000000
428,2023-10-10,CUST428,Female,40,"36-50",Electronics,4,200.00,50.0000000000000000
429,2023-12-28,CUST429,Male,64,"50+",Electronics,2,50.00,25.0000000000000000
430,2023-08-07,CUST430,Female,43,"36-50",Electronics,3,900.00,300.0000000000000000
431,2023-10-15,CUST431,Male,63,"50+",Electronics,4,1200.00,300.0000000000000000
432,2023-01-05,CUST432,Female,60,"50+",Electronics,2,1000.00,500.0000000000000000
433,2023-02-27,CUST433,Male,29,"20-35",Beauty,4,200.00,50.0000000000000000
434,2023-02-08,CUST434,Female,43,"36-50",Electronics,2,50.00,25.0000000000000000
435,2023-12-20,CUST435,Female,30,"20-35",Beauty,3,900.00,300.0000000000000000
436,2023-03-18,CUST436,Female,57,"50+",Clothing,4,120.00,30.0000000000000000
437,2023-10-07,CUST437,Female,35,"20-35",Electronics,4,1200.00,300.0000000000000000
438,2023-01-19,CUST438,Female,42,"36-50",Clothing,1,30.00,30.0000000000000000
439,2023-07-09,CUST439,Male,50,"36-50",Clothing,3,75.00,25.0000000000000000
440,2023-10-26,CUST440,Male,64,"50+",Clothing,2,600.00,300.0000000000000000
441,2023-10-10,CUST441,Male,57,"50+",Beauty,4,1200.00,300.0000000000000000
442,2023-03-17,CUST442,Female,60,"50+",Clothing,4,100.00,25.0000000000000000
443,2023-08-09,CUST443,Male,29,"20-35",Clothing,2,600.00,300.0000000000000000
444,2023-03-07,CUST444,Female,61,"50+",Clothing,3,90.00,30.0000000000000000
445,2023-01-22,CUST445,Female,53,"50+",Electronics,1,300.00,300.0000000000000000
446,2023-06-07,CUST446,Male,21,"20-35",Electronics,1,50.00,50.0000000000000000
447,2023-07-06,CUST447,Male,22,"20-35",Beauty,4,2000.00,500.0000000000000000
448,2023-01-21,CUST448,Female,54,"50+",Beauty,2,60.00,30.0000000000000000
449,2023-07-03,CUST449,Male,25,"20-35",Electronics,4,200.00,50.0000000000000000
450,2023-04-18,CUST450,Female,59,"50+",Beauty,2,50.00,25.0000000000000000
451,2023-12-16,CUST451,Female,45,"36-50",Electronics,1,30.00,30.0000000000000000
452,2023-05-08,CUST452,Female,48,"36-50",Clothing,3,1500.00,500.0000000000000000
453,2023-12-08,CUST453,Female,26,"20-35",Clothing,2,1000.00,500.0000000000000000
454,2023-02-22,CUST454,Female,46,"36-50",Beauty,1,25.00,25.0000000000000000
455,2023-07-01,CUST455,Male,31,"20-35",Electronics,4,100.00,25.0000000000000000
456,2023-10-14,CUST456,Male,57,"50+",Electronics,2,60.00,30.0000000000000000
457,2023-07-28,CUST457,Female,58,"50+",Beauty,3,900.00,300.0000000000000000
458,2023-11-14,CUST458,Female,39,"36-50",Electronics,4,100.00,25.0000000000000000
459,2023-03-21,CUST459,Male,28,"20-35",Clothing,4,1200.00,300.0000000000000000
460,2023-05-02,CUST460,Male,40,"36-50",Beauty,1,50.00,50.0000000000000000
461,2023-03-25,CUST461,Female,18,"18-20",Beauty,2,1000.00,500.0000000000000000
462,2023-04-01,CUST462,Male,63,"50+",Electronics,4,1200.00,300.0000000000000000
463,2023-07-31,CUST463,Female,54,"50+",Beauty,3,1500.00,500.0000000000000000
464,2023-01-13,CUST464,Male,38,"36-50",Electronics,2,600.00,300.0000000000000000
465,2023-04-02,CUST465,Female,43,"36-50",Electronics,3,150.00,50.0000000000000000
466,2023-06-20,CUST466,Male,63,"50+",Electronics,4,100.00,25.0000000000000000
467,2023-07-30,CUST467,Female,53,"50+",Electronics,3,150.00,50.0000000000000000
468,2023-12-09,CUST468,Male,40,"36-50",Electronics,1,25.00,25.0000000000000000
469,2023-05-08,CUST469,Male,18,"18-20",Beauty,3,75.00,25.0000000000000000
470,2023-05-17,CUST470,Female,57,"50+",Clothing,2,1000.00,500.0000000000000000
471,2023-03-23,CUST471,Male,32,"20-35",Clothing,3,150.00,50.0000000000000000
472,2023-12-26,CUST472,Female,38,"36-50",Beauty,3,900.00,300.0000000000000000
473,2023-02-25,CUST473,Male,64,"50+",Beauty,1,50.00,50.0000000000000000
474,2023-07-15,CUST474,Female,26,"20-35",Clothing,3,1500.00,500.0000000000000000
475,2023-01-20,CUST475,Male,26,"20-35",Clothing,3,75.00,25.0000000000000000
476,2023-08-29,CUST476,Female,27,"20-35",Clothing,4,2000.00,500.0000000000000000
477,2023-04-24,CUST477,Male,43,"36-50",Clothing,4,120.00,30.0000000000000000
478,2023-04-13,CUST478,Female,58,"50+",Clothing,2,60.00,30.0000000000000000
479,2023-08-24,CUST479,Male,52,"50+",Electronics,4,1200.00,300.0000000000000000
480,2023-06-29,CUST480,Female,42,"36-50",Beauty,4,2000.00,500.0000000000000000
481,2023-06-06,CUST481,Female,43,"36-50",Electronics,4,1200.00,300.0000000000000000
482,2023-04-27,CUST482,Female,28,"20-35",Clothing,4,1200.00,300.0000000000000000
483,2023-04-25,CUST483,Male,55,"50+",Clothing,1,30.00,30.0000000000000000
484,2023-01-13,CUST484,Female,19,"18-20",Clothing,4,1200.00,300.0000000000000000
485,2023-12-04,CUST485,Male,24,"20-35",Electronics,1,30.00,30.0000000000000000
486,2023-04-09,CUST486,Female,35,"20-35",Electronics,1,25.00,25.0000000000000000
487,2023-07-24,CUST487,Male,44,"36-50",Clothing,4,2000.00,500.0000000000000000
488,2023-06-18,CUST488,Female,51,"50+",Electronics,3,900.00,300.0000000000000000
489,2023-05-23,CUST489,Male,44,"36-50",Electronics,1,30.00,30.0000000000000000
490,2023-02-05,CUST490,Male,34,"20-35",Clothing,3,150.00,50.0000000000000000
491,2023-05-23,CUST491,Female,60,"50+",Electronics,3,900.00,300.0000000000000000
492,2023-06-29,CUST492,Male,61,"50+",Beauty,4,100.00,25.0000000000000000
493,2023-11-25,CUST493,Male,41,"36-50",Beauty,2,50.00,25.0000000000000000
494,2023-09-18,CUST494,Female,42,"36-50",Beauty,4,200.00,50.0000000000000000
495,2023-07-24,CUST495,Male,24,"20-35",Beauty,2,60.00,30.0000000000000000
496,2023-12-14,CUST496,Male,23,"20-35",Clothing,2,600.00,300.0000000000000000
497,2023-10-02,CUST497,Male,41,"36-50",Clothing,4,120.00,30.0000000000000000
498,2023-06-19,CUST498,Female,50,"36-50",Clothing,4,100.00,25.0000000000000000
499,2023-01-15,CUST499,Male,46,"36-50",Beauty,2,60.00,30.0000000000000000
500,2023-03-01,CUST500,Female,60,"50+",Beauty,4,100.00,25.0000000000000000
501,2023-05-14,CUST501,Male,39,"36-50",Electronics,2,60.00,30.0000000000000000
502,2023-04-02,CUST502,Male,43,"36-50",Electronics,3,150.00,50.0000000000000000
503,2023-10-25,CUST503,Male,45,"36-50",Beauty,4,2000.00,500.0000000000000000
504,2023-05-16,CUST504,Female,38,"36-50",Beauty,3,150.00,50.0000000000000000
505,2023-01-20,CUST505,Male,24,"20-35",Beauty,1,50.00,50.0000000000000000
506,2023-02-25,CUST506,Male,34,"20-35",Beauty,3,1500.00,500.0000000000000000
507,2023-11-02,CUST507,Female,37,"36-50",Electronics,3,1500.00,500.0000000000000000
508,2023-08-11,CUST508,Male,58,"50+",Beauty,2,600.00,300.0000000000000000
509,2023-06-26,CUST509,Female,37,"36-50",Electronics,3,900.00,300.0000000000000000
510,2023-06-10,CUST510,Female,39,"36-50",Beauty,4,200.00,50.0000000000000000
511,2023-08-12,CUST511,Male,45,"36-50",Beauty,2,100.00,50.0000000000000000
512,2023-11-07,CUST512,Female,57,"50+",Beauty,1,25.00,25.0000000000000000
513,2023-09-19,CUST513,Male,24,"20-35",Electronics,4,100.00,25.0000000000000000
514,2023-03-01,CUST514,Female,18,"18-20",Electronics,1,300.00,300.0000000000000000
515,2023-07-17,CUST515,Female,49,"36-50",Clothing,3,900.00,300.0000000000000000
516,2023-10-23,CUST516,Male,30,"20-35",Beauty,4,100.00,25.0000000000000000
517,2023-04-08,CUST517,Female,47,"36-50",Clothing,4,100.00,25.0000000000000000
518,2023-05-11,CUST518,Female,40,"36-50",Clothing,1,30.00,30.0000000000000000
519,2023-01-23,CUST519,Female,36,"36-50",Electronics,4,120.00,30.0000000000000000
520,2023-12-29,CUST520,Female,49,"36-50",Electronics,4,100.00,25.0000000000000000
521,2023-08-12,CUST521,Female,47,"36-50",Clothing,4,120.00,30.0000000000000000
522,2023-01-01,CUST522,Male,46,"36-50",Beauty,3,1500.00,500.0000000000000000
523,2023-09-24,CUST523,Female,62,"50+",Electronics,1,300.00,300.0000000000000000
524,2023-10-03,CUST524,Male,46,"36-50",Beauty,4,1200.00,300.0000000000000000
525,2023-12-18,CUST525,Female,47,"36-50",Beauty,2,50.00,25.0000000000000000
526,2023-12-10,CUST526,Male,33,"20-35",Clothing,2,100.00,50.0000000000000000
527,2023-04-11,CUST527,Male,57,"50+",Clothing,2,50.00,25.0000000000000000
528,2023-07-06,CUST528,Female,36,"36-50",Clothing,2,60.00,30.0000000000000000
529,2023-08-09,CUST529,Female,35,"20-35",Clothing,3,150.00,50.0000000000000000
530,2023-02-05,CUST530,Female,18,"18-20",Electronics,4,120.00,30.0000000000000000
531,2023-12-07,CUST531,Male,31,"20-35",Electronics,1,500.00,500.0000000000000000
532,2023-06-19,CUST532,Female,64,"50+",Clothing,4,120.00,30.0000000000000000
533,2023-11-16,CUST533,Male,19,"18-20",Electronics,3,1500.00,500.0000000000000000
534,2023-06-10,CUST534,Male,45,"36-50",Clothing,2,1000.00,500.0000000000000000
535,2023-12-06,CUST535,Male,47,"36-50",Beauty,3,90.00,30.0000000000000000
536,2023-03-05,CUST536,Female,55,"50+",Beauty,4,120.00,30.0000000000000000
537,2023-06-03,CUST537,Female,21,"20-35",Beauty,1,500.00,500.0000000000000000
538,2023-09-17,CUST538,Male,18,"18-20",Clothing,3,150.00,50.0000000000000000
539,2023-06-08,CUST539,Male,25,"20-35",Beauty,1,500.00,500.0000000000000000
540,2023-12-08,CUST540,Female,46,"36-50",Electronics,3,900.00,300.0000000000000000
541,2023-07-29,CUST541,Male,56,"50+",Beauty,1,500.00,500.0000000000000000
542,2023-06-17,CUST542,Female,20,"20-35",Beauty,1,50.00,50.0000000000000000
543,2023-07-26,CUST543,Male,49,"36-50",Beauty,2,600.00,300.0000000000000000
544,2023-12-23,CUST544,Female,27,"20-35",Electronics,1,25.00,25.0000000000000000
545,2023-06-01,CUST545,Male,27,"20-35",Clothing,2,50.00,25.0000000000000000
546,2023-10-11,CUST546,Female,36,"36-50",Electronics,4,200.00,50.0000000000000000
547,2023-03-07,CUST547,Male,63,"50+",Clothing,4,2000.00,500.0000000000000000
548,2023-04-09,CUST548,Female,51,"50+",Clothing,2,60.00,30.0000000000000000
549,2023-08-04,CUST549,Female,50,"36-50",Beauty,2,100.00,50.0000000000000000
550,2023-12-07,CUST550,Male,40,"36-50",Clothing,3,900.00,300.0000000000000000
551,2023-07-14,CUST551,Male,45,"36-50",Electronics,3,900.00,300.0000000000000000
552,2023-12-13,CUST552,Female,49,"36-50",Electronics,3,75.00,25.0000000000000000
553,2023-03-31,CUST553,Male,24,"20-35",Clothing,4,1200.00,300.0000000000000000
554,2023-11-12,CUST554,Female,46,"36-50",Beauty,3,150.00,50.0000000000000000
555,2023-10-19,CUST555,Male,25,"20-35",Beauty,1,300.00,300.0000000000000000
556,2023-06-04,CUST556,Female,18,"18-20",Electronics,1,50.00,50.0000000000000000
557,2023-07-27,CUST557,Female,20,"20-35",Beauty,3,90.00,30.0000000000000000
558,2023-10-08,CUST558,Female,41,"36-50",Clothing,1,25.00,25.0000000000000000
559,2023-01-01,CUST559,Female,40,"36-50",Clothing,4,1200.00,300.0000000000000000
560,2023-06-05,CUST560,Female,25,"20-35",Electronics,1,50.00,50.0000000000000000
561,2023-05-27,CUST561,Female,64,"50+",Clothing,4,2000.00,500.0000000000000000
562,2023-04-18,CUST562,Male,54,"50+",Electronics,2,50.00,25.0000000000000000
563,2023-08-09,CUST563,Male,20,"20-35",Clothing,2,60.00,30.0000000000000000
564,2023-10-24,CUST564,Male,50,"36-50",Electronics,2,100.00,50.0000000000000000
565,2023-11-07,CUST565,Female,45,"36-50",Beauty,2,60.00,30.0000000000000000
566,2023-12-02,CUST566,Female,64,"50+",Clothing,1,30.00,30.0000000000000000
567,2023-06-14,CUST567,Female,25,"20-35",Clothing,3,900.00,300.0000000000000000
568,2023-08-27,CUST568,Female,51,"50+",Electronics,1,300.00,300.0000000000000000
569,2023-08-15,CUST569,Male,52,"50+",Electronics,4,200.00,50.0000000000000000
570,2023-08-15,CUST570,Male,49,"36-50",Clothing,1,500.00,500.0000000000000000
571,2023-12-12,CUST571,Female,41,"36-50",Electronics,1,50.00,50.0000000000000000
572,2023-04-20,CUST572,Male,31,"20-35",Clothing,4,2000.00,500.0000000000000000
573,2023-09-19,CUST573,Male,49,"36-50",Beauty,2,60.00,30.0000000000000000
574,2023-08-31,CUST574,Female,63,"50+",Electronics,2,50.00,25.0000000000000000
575,2023-03-28,CUST575,Male,60,"50+",Clothing,2,100.00,50.0000000000000000
576,2023-12-04,CUST576,Female,33,"20-35",Beauty,3,150.00,50.0000000000000000
577,2023-02-13,CUST577,Male,21,"20-35",Beauty,4,2000.00,500.0000000000000000
578,2023-05-26,CUST578,Female,54,"50+",Clothing,4,120.00,30.0000000000000000
579,2023-09-21,CUST579,Female,38,"36-50",Electronics,1,30.00,30.0000000000000000
580,2023-12-06,CUST580,Female,31,"20-35",Clothing,3,1500.00,500.0000000000000000
581,2023-11-21,CUST581,Female,48,"36-50",Beauty,2,60.00,30.0000000000000000
582,2023-11-14,CUST582,Male,35,"20-35",Clothing,3,900.00,300.0000000000000000
583,2023-06-21,CUST583,Female,24,"20-35",Electronics,4,100.00,25.0000000000000000
584,2023-02-17,CUST584,Female,27,"20-35",Beauty,4,200.00,50.0000000000000000
585,2023-05-01,CUST585,Female,24,"20-35",Clothing,1,25.00,25.0000000000000000
586,2023-12-11,CUST586,Male,50,"36-50",Electronics,1,50.00,50.0000000000000000
587,2023-06-08,CUST587,Female,40,"36-50",Beauty,4,1200.00,300.0000000000000000
588,2023-04-26,CUST588,Male,38,"36-50",Electronics,2,60.00,30.0000000000000000
589,2023-04-12,CUST589,Female,36,"36-50",Beauty,2,1000.00,500.0000000000000000
590,2023-03-17,CUST590,Male,36,"36-50",Clothing,3,900.00,300.0000000000000000
591,2023-01-13,CUST591,Male,53,"50+",Electronics,4,100.00,25.0000000000000000
592,2023-01-24,CUST592,Female,46,"36-50",Beauty,4,2000.00,500.0000000000000000
593,2023-05-06,CUST593,Male,35,"20-35",Electronics,2,60.00,30.0000000000000000
594,2023-09-01,CUST594,Female,19,"18-20",Electronics,2,600.00,300.0000000000000000
595,2023-11-09,CUST595,Female,18,"18-20",Clothing,4,2000.00,500.0000000000000000
596,2023-02-07,CUST596,Female,64,"50+",Electronics,1,300.00,300.0000000000000000
597,2023-08-22,CUST597,Male,22,"20-35",Beauty,4,1200.00,300.0000000000000000
598,2023-08-01,CUST598,Male,37,"36-50",Beauty,4,120.00,30.0000000000000000
599,2023-11-19,CUST599,Female,28,"20-35",Beauty,2,100.00,50.0000000000000000
600,2023-10-22,CUST600,Female,59,"50+",Beauty,2,1000.00,500.0000000000000000
601,2023-04-10,CUST601,Male,19,"18-20",Clothing,1,30.00,30.0000000000000000
602,2023-12-23,CUST602,Female,20,"20-35",Electronics,1,300.00,300.0000000000000000
603,2023-07-16,CUST603,Female,40,"36-50",Clothing,3,90.00,30.0000000000000000
604,2023-09-11,CUST604,Female,29,"20-35",Electronics,4,200.00,50.0000000000000000
605,2023-07-24,CUST605,Male,37,"36-50",Electronics,2,1000.00,500.0000000000000000
606,2023-05-05,CUST606,Male,22,"20-35",Electronics,1,50.00,50.0000000000000000
607,2023-03-17,CUST607,Male,54,"50+",Clothing,3,75.00,25.0000000000000000
608,2023-12-02,CUST608,Female,55,"50+",Electronics,3,1500.00,500.0000000000000000
609,2023-12-19,CUST609,Female,47,"36-50",Clothing,2,100.00,50.0000000000000000
610,2023-01-03,CUST610,Female,26,"20-35",Beauty,2,600.00,300.0000000000000000
611,2023-02-24,CUST611,Male,51,"50+",Beauty,3,1500.00,500.0000000000000000
612,2023-08-06,CUST612,Female,61,"50+",Electronics,1,500.00,500.0000000000000000
613,2023-04-23,CUST613,Female,52,"50+",Clothing,3,90.00,30.0000000000000000
614,2023-04-01,CUST614,Female,39,"36-50",Beauty,4,1200.00,300.0000000000000000
615,2023-12-23,CUST615,Female,61,"50+",Clothing,4,100.00,25.0000000000000000
616,2023-09-23,CUST616,Male,41,"36-50",Clothing,2,100.00,50.0000000000000000
617,2023-08-26,CUST617,Male,34,"20-35",Electronics,1,30.00,30.0000000000000000
618,2023-01-26,CUST618,Female,27,"20-35",Beauty,1,50.00,50.0000000000000000
619,2023-10-13,CUST619,Male,47,"36-50",Electronics,4,100.00,25.0000000000000000
620,2023-05-08,CUST620,Male,63,"50+",Electronics,3,75.00,25.0000000000000000
621,2023-03-04,CUST621,Female,40,"36-50",Beauty,2,1000.00,500.0000000000000000
622,2023-08-22,CUST622,Female,49,"36-50",Beauty,3,75.00,25.0000000000000000
623,2023-03-10,CUST623,Male,34,"20-35",Clothing,3,150.00,50.0000000000000000
624,2023-08-26,CUST624,Female,34,"20-35",Beauty,3,900.00,300.0000000000000000
625,2023-12-08,CUST625,Male,31,"20-35",Clothing,1,300.00,300.0000000000000000
626,2023-09-29,CUST626,Female,26,"20-35",Clothing,4,2000.00,500.0000000000000000
627,2023-10-14,CUST627,Male,57,"50+",Clothing,1,50.00,50.0000000000000000
628,2023-11-01,CUST628,Female,19,"18-20",Beauty,4,200.00,50.0000000000000000
629,2023-06-12,CUST629,Male,62,"50+",Electronics,2,50.00,25.0000000000000000
630,2023-08-15,CUST630,Male,42,"36-50",Clothing,2,100.00,50.0000000000000000
631,2023-11-10,CUST631,Male,56,"50+",Electronics,3,90.00,30.0000000000000000
632,2023-09-16,CUST632,Female,26,"20-35",Electronics,4,100.00,25.0000000000000000
633,2023-08-07,CUST633,Male,39,"36-50",Beauty,4,120.00,30.0000000000000000
634,2023-10-08,CUST634,Male,60,"50+",Electronics,4,2000.00,500.0000000000000000
635,2023-08-17,CUST635,Female,63,"50+",Electronics,3,900.00,300.0000000000000000
636,2023-03-23,CUST636,Female,21,"20-35",Beauty,3,1500.00,500.0000000000000000
637,2023-09-01,CUST637,Male,43,"36-50",Clothing,2,600.00,300.0000000000000000
638,2023-08-19,CUST638,Male,46,"36-50",Electronics,1,500.00,500.0000000000000000
639,2023-05-13,CUST639,Female,62,"50+",Beauty,4,200.00,50.0000000000000000
640,2023-05-07,CUST640,Female,51,"50+",Electronics,4,120.00,30.0000000000000000
641,2023-11-23,CUST641,Female,40,"36-50",Electronics,1,300.00,300.0000000000000000
642,2023-05-22,CUST642,Female,54,"50+",Clothing,4,100.00,25.0000000000000000
643,2023-09-24,CUST643,Female,28,"20-35",Electronics,3,90.00,30.0000000000000000
644,2023-09-06,CUST644,Male,23,"20-35",Beauty,3,75.00,25.0000000000000000
645,2023-11-17,CUST645,Female,35,"20-35",Electronics,4,120.00,30.0000000000000000
646,2023-05-03,CUST646,Male,38,"36-50",Clothing,3,90.00,30.0000000000000000
647,2023-05-21,CUST647,Male,59,"50+",Clothing,3,1500.00,500.0000000000000000
648,2023-08-14,CUST648,Male,53,"50+",Beauty,4,1200.00,300.0000000000000000
649,2023-02-09,CUST649,Female,58,"50+",Clothing,2,600.00,300.0000000000000000
650,2024-01-01,CUST650,Male,55,"50+",Electronics,1,30.00,30.0000000000000000
651,2023-05-27,CUST651,Male,51,"50+",Clothing,3,150.00,50.0000000000000000
652,2023-05-01,CUST652,Female,34,"20-35",Beauty,2,100.00,50.0000000000000000
653,2023-05-20,CUST653,Male,54,"50+",Clothing,3,75.00,25.0000000000000000
654,2023-06-21,CUST654,Male,42,"36-50",Clothing,3,75.00,25.0000000000000000
655,2023-06-13,CUST655,Female,55,"50+",Clothing,1,500.00,500.0000000000000000
656,2023-10-04,CUST656,Male,29,"20-35",Beauty,3,90.00,30.0000000000000000
657,2023-02-11,CUST657,Male,40,"36-50",Clothing,1,25.00,25.0000000000000000
658,2023-03-12,CUST658,Male,59,"50+",Clothing,1,25.00,25.0000000000000000
659,2023-03-19,CUST659,Female,39,"36-50",Electronics,1,30.00,30.0000000000000000
660,2023-04-29,CUST660,Female,38,"36-50",Beauty,2,1000.00,500.0000000000000000
661,2023-07-16,CUST661,Female,44,"36-50",Clothing,4,100.00,25.0000000000000000
662,2023-12-22,CUST662,Male,48,"36-50",Beauty,2,1000.00,500.0000000000000000
663,2023-03-20,CUST663,Male,23,"20-35",Clothing,4,1200.00,300.0000000000000000
664,2023-12-28,CUST664,Female,44,"36-50",Clothing,4,2000.00,500.0000000000000000
665,2023-04-20,CUST665,Male,57,"50+",Clothing,1,50.00,50.0000000000000000
666,2023-02-02,CUST666,Male,51,"50+",Electronics,3,150.00,50.0000000000000000
667,2023-08-01,CUST667,Female,29,"20-35",Electronics,1,500.00,500.0000000000000000
668,2023-07-28,CUST668,Female,62,"50+",Electronics,3,150.00,50.0000000000000000
669,2023-06-19,CUST669,Male,24,"20-35",Beauty,4,1200.00,300.0000000000000000
670,2023-10-05,CUST670,Male,27,"20-35",Beauty,1,30.00,30.0000000000000000
671,2023-08-27,CUST671,Male,62,"50+",Electronics,3,150.00,50.0000000000000000
672,2023-08-01,CUST672,Female,34,"20-35",Beauty,2,100.00,50.0000000000000000
673,2023-02-01,CUST673,Female,43,"36-50",Clothing,3,1500.00,500.0000000000000000
674,2023-04-16,CUST674,Female,38,"36-50",Clothing,1,300.00,300.0000000000000000
675,2023-08-04,CUST675,Female,45,"36-50",Clothing,2,60.00,30.0000000000000000
676,2023-07-19,CUST676,Male,63,"50+",Electronics,3,1500.00,500.0000000000000000
677,2023-10-27,CUST677,Female,19,"18-20",Beauty,3,1500.00,500.0000000000000000
678,2023-12-23,CUST678,Female,60,"50+",Electronics,3,900.00,300.0000000000000000
679,2023-01-11,CUST679,Female,18,"18-20",Beauty,3,90.00,30.0000000000000000
680,2023-10-22,CUST680,Female,53,"50+",Clothing,3,900.00,300.0000000000000000
681,2023-07-14,CUST681,Female,43,"36-50",Electronics,2,60.00,30.0000000000000000
682,2023-09-02,CUST682,Male,46,"36-50",Beauty,4,1200.00,300.0000000000000000
683,2023-01-04,CUST683,Male,38,"36-50",Beauty,2,1000.00,500.0000000000000000
684,2023-06-30,CUST684,Female,28,"20-35",Clothing,2,1000.00,500.0000000000000000
685,2023-06-02,CUST685,Male,57,"50+",Electronics,2,50.00,25.0000000000000000
686,2023-07-19,CUST686,Female,28,"20-35",Electronics,4,200.00,50.0000000000000000
687,2023-08-03,CUST687,Female,53,"50+",Electronics,1,300.00,300.0000000000000000
688,2023-10-03,CUST688,Male,56,"50+",Clothing,4,100.00,25.0000000000000000
689,2023-10-07,CUST689,Male,57,"50+",Electronics,2,100.00,50.0000000000000000
690,2023-11-05,CUST690,Female,52,"50+",Clothing,3,900.00,300.0000000000000000
691,2023-04-23,CUST691,Female,51,"50+",Clothing,3,90.00,30.0000000000000000
692,2023-09-07,CUST692,Female,64,"50+",Clothing,2,100.00,50.0000000000000000
693,2023-04-23,CUST693,Male,41,"36-50",Beauty,3,1500.00,500.0000000000000000
694,2023-05-20,CUST694,Female,39,"36-50",Electronics,2,50.00,25.0000000000000000
695,2023-08-12,CUST695,Female,22,"20-35",Electronics,3,150.00,50.0000000000000000
696,2023-09-06,CUST696,Female,50,"36-50",Clothing,4,200.00,50.0000000000000000
697,2023-01-15,CUST697,Male,53,"50+",Clothing,1,500.00,500.0000000000000000
698,2023-07-19,CUST698,Female,64,"50+",Electronics,1,300.00,300.0000000000000000
699,2023-06-22,CUST699,Female,37,"36-50",Clothing,4,120.00,30.0000000000000000
700,2023-12-09,CUST700,Male,36,"36-50",Electronics,4,2000.00,500.0000000000000000
701,2023-12-14,CUST701,Female,52,"50+",Beauty,2,60.00,30.0000000000000000
702,2023-07-27,CUST702,Female,60,"50+",Clothing,2,600.00,300.0000000000000000
703,2023-03-26,CUST703,Male,34,"20-35",Electronics,2,100.00,50.0000000000000000
704,2023-08-28,CUST704,Female,62,"50+",Clothing,3,90.00,30.0000000000000000
705,2023-03-07,CUST705,Male,60,"50+",Electronics,2,50.00,25.0000000000000000
706,2023-11-15,CUST706,Male,51,"50+",Electronics,4,100.00,25.0000000000000000
707,2023-10-01,CUST707,Female,26,"20-35",Clothing,1,500.00,500.0000000000000000
708,2023-01-14,CUST708,Female,43,"36-50",Beauty,3,900.00,300.0000000000000000
709,2023-07-21,CUST709,Female,19,"18-20",Electronics,2,1000.00,500.0000000000000000
710,2023-10-31,CUST710,Female,26,"20-35",Electronics,3,1500.00,500.0000000000000000
711,2023-10-16,CUST711,Male,26,"20-35",Electronics,3,1500.00,500.0000000000000000
712,2023-12-06,CUST712,Female,57,"50+",Beauty,2,50.00,25.0000000000000000
713,2023-01-14,CUST713,Male,34,"20-35",Beauty,3,75.00,25.0000000000000000
714,2023-02-12,CUST714,Female,18,"18-20",Clothing,1,500.00,500.0000000000000000
715,2023-11-26,CUST715,Female,42,"36-50",Beauty,4,100.00,25.0000000000000000
716,2023-08-08,CUST716,Female,60,"50+",Clothing,4,1200.00,300.0000000000000000
717,2023-03-11,CUST717,Male,57,"50+",Clothing,1,500.00,500.0000000000000000
718,2023-08-25,CUST718,Female,59,"50+",Beauty,3,75.00,25.0000000000000000
719,2023-04-04,CUST719,Female,42,"36-50",Clothing,2,60.00,30.0000000000000000
720,2023-01-26,CUST720,Female,56,"50+",Beauty,3,1500.00,500.0000000000000000
721,2023-05-14,CUST721,Female,52,"50+",Clothing,1,500.00,500.0000000000000000
722,2023-07-14,CUST722,Male,20,"20-35",Beauty,3,900.00,300.0000000000000000
723,2023-06-17,CUST723,Female,54,"50+",Beauty,4,200.00,50.0000000000000000
724,2023-04-19,CUST724,Male,61,"50+",Clothing,3,150.00,50.0000000000000000
725,2023-08-21,CUST725,Male,61,"50+",Electronics,1,300.00,300.0000000000000000
726,2023-06-17,CUST726,Male,47,"36-50",Clothing,4,1200.00,300.0000000000000000
727,2023-06-22,CUST727,Male,55,"50+",Beauty,3,900.00,300.0000000000000000
728,2023-07-14,CUST728,Male,51,"50+",Electronics,3,150.00,50.0000000000000000
729,2023-05-23,CUST729,Male,29,"20-35",Clothing,4,1200.00,300.0000000000000000
730,2023-08-04,CUST730,Female,36,"36-50",Clothing,2,50.00,25.0000000000000000
731,2023-05-10,CUST731,Male,54,"50+",Clothing,4,2000.00,500.0000000000000000
732,2023-02-11,CUST732,Male,61,"50+",Electronics,2,1000.00,500.0000000000000000
733,2023-08-29,CUST733,Male,34,"20-35",Beauty,1,30.00,30.0000000000000000
734,2023-01-10,CUST734,Female,27,"20-35",Clothing,1,30.00,30.0000000000000000
735,2023-10-04,CUST735,Female,64,"50+",Clothing,4,2000.00,500.0000000000000000
736,2023-01-27,CUST736,Male,29,"20-35",Clothing,4,100.00,25.0000000000000000
737,2023-06-29,CUST737,Female,33,"20-35",Clothing,1,50.00,50.0000000000000000
738,2023-04-25,CUST738,Male,41,"36-50",Clothing,2,100.00,50.0000000000000000
739,2023-11-29,CUST739,Male,36,"36-50",Beauty,1,25.00,25.0000000000000000
740,2023-02-05,CUST740,Female,25,"20-35",Beauty,4,200.00,50.0000000000000000
741,2023-11-30,CUST741,Male,48,"36-50",Clothing,1,300.00,300.0000000000000000
742,2023-01-21,CUST742,Female,38,"36-50",Electronics,4,2000.00,500.0000000000000000
743,2023-01-16,CUST743,Female,34,"20-35",Beauty,4,2000.00,500.0000000000000000
744,2023-05-07,CUST744,Male,40,"36-50",Electronics,1,25.00,25.0000000000000000
745,2023-04-13,CUST745,Male,54,"50+",Beauty,2,100.00,50.0000000000000000
746,2023-01-11,CUST746,Female,33,"20-35",Clothing,3,90.00,30.0000000000000000
747,2023-11-15,CUST747,Male,23,"20-35",Beauty,1,30.00,30.0000000000000000
748,2023-03-20,CUST748,Male,25,"20-35",Clothing,3,150.00,50.0000000000000000
749,2023-05-03,CUST749,Male,42,"36-50",Beauty,1,30.00,30.0000000000000000
750,2023-03-06,CUST750,Female,35,"20-35",Clothing,3,75.00,25.0000000000000000
751,2023-08-31,CUST751,Female,42,"36-50",Clothing,2,50.00,25.0000000000000000
752,2023-12-09,CUST752,Male,29,"20-35",Clothing,2,100.00,50.0000000000000000
753,2023-02-28,CUST753,Female,32,"20-35",Clothing,1,30.00,30.0000000000000000
754,2023-10-16,CUST754,Female,43,"36-50",Electronics,4,100.00,25.0000000000000000
755,2023-04-22,CUST755,Female,58,"50+",Clothing,3,75.00,25.0000000000000000
756,2023-08-27,CUST756,Female,62,"50+",Electronics,4,1200.00,300.0000000000000000
757,2023-12-25,CUST757,Female,43,"36-50",Electronics,4,1200.00,300.0000000000000000
758,2023-05-12,CUST758,Male,64,"50+",Clothing,4,100.00,25.0000000000000000
759,2023-07-08,CUST759,Male,49,"36-50",Electronics,2,100.00,50.0000000000000000
760,2023-03-27,CUST760,Male,27,"20-35",Beauty,1,500.00,500.0000000000000000
761,2023-11-07,CUST761,Female,33,"20-35",Clothing,1,500.00,500.0000000000000000
762,2023-11-07,CUST762,Female,24,"20-35",Electronics,2,50.00,25.0000000000000000
763,2023-02-28,CUST763,Male,34,"20-35",Clothing,2,50.00,25.0000000000000000
764,2023-03-25,CUST764,Female,40,"36-50",Clothing,1,25.00,25.0000000000000000
765,2023-06-09,CUST765,Male,43,"36-50",Clothing,4,200.00,50.0000000000000000
766,2023-02-25,CUST766,Male,38,"36-50",Electronics,3,900.00,300.0000000000000000
767,2023-10-24,CUST767,Male,39,"36-50",Beauty,3,75.00,25.0000000000000000
768,2023-01-14,CUST768,Female,24,"20-35",Beauty,3,75.00,25.0000000000000000
769,2023-06-09,CUST769,Female,31,"20-35",Electronics,4,120.00,30.0000000000000000
770,2023-10-22,CUST770,Male,32,"20-35",Clothing,1,50.00,50.0000000000000000
771,2023-12-13,CUST771,Male,24,"20-35",Electronics,2,50.00,25.0000000000000000
772,2023-07-12,CUST772,Male,26,"20-35",Electronics,1,30.00,30.0000000000000000
773,2023-07-23,CUST773,Male,25,"20-35",Electronics,4,2000.00,500.0000000000000000
774,2023-04-12,CUST774,Female,40,"36-50",Clothing,2,50.00,25.0000000000000000
775,2023-02-08,CUST775,Female,46,"36-50",Electronics,4,100.00,25.0000000000000000
776,2023-10-31,CUST776,Male,35,"20-35",Clothing,3,90.00,30.0000000000000000
777,2023-12-20,CUST777,Male,48,"36-50",Electronics,3,150.00,50.0000000000000000
778,2023-11-18,CUST778,Female,47,"36-50",Beauty,4,100.00,25.0000000000000000
779,2023-05-05,CUST779,Female,56,"50+",Electronics,2,1000.00,500.0000000000000000
780,2023-02-22,CUST780,Male,52,"50+",Electronics,2,50.00,25.0000000000000000
781,2023-12-23,CUST781,Male,35,"20-35",Beauty,1,500.00,500.0000000000000000
782,2023-06-04,CUST782,Male,59,"50+",Clothing,3,900.00,300.0000000000000000
783,2023-12-17,CUST783,Female,56,"50+",Clothing,1,300.00,300.0000000000000000
784,2023-11-04,CUST784,Female,34,"20-35",Electronics,1,500.00,500.0000000000000000
785,2023-03-03,CUST785,Female,31,"20-35",Beauty,4,200.00,50.0000000000000000
786,2023-10-17,CUST786,Male,48,"36-50",Clothing,4,100.00,25.0000000000000000
787,2023-01-22,CUST787,Male,41,"36-50",Electronics,1,25.00,25.0000000000000000
788,2023-06-27,CUST788,Female,52,"50+",Beauty,3,900.00,300.0000000000000000
789,2023-09-30,CUST789,Female,61,"50+",Clothing,4,2000.00,500.0000000000000000
790,2023-08-08,CUST790,Male,62,"50+",Clothing,1,25.00,25.0000000000000000
791,2023-12-05,CUST791,Female,51,"50+",Beauty,1,25.00,25.0000000000000000
792,2023-07-09,CUST792,Female,20,"20-35",Beauty,1,50.00,50.0000000000000000
793,2023-02-05,CUST793,Male,54,"50+",Beauty,1,30.00,30.0000000000000000
794,2023-09-17,CUST794,Female,60,"50+",Beauty,1,300.00,300.0000000000000000
795,2023-11-28,CUST795,Male,57,"50+",Electronics,1,300.00,300.0000000000000000
796,2023-06-24,CUST796,Male,43,"36-50",Beauty,4,120.00,30.0000000000000000
797,2023-01-07,CUST797,Male,40,"36-50",Clothing,3,75.00,25.0000000000000000
798,2023-08-04,CUST798,Male,61,"50+",Clothing,1,50.00,50.0000000000000000
799,2023-09-08,CUST799,Male,56,"50+",Electronics,2,100.00,50.0000000000000000
800,2023-02-24,CUST800,Male,32,"20-35",Clothing,4,1200.00,300.0000000000000000
801,2023-08-10,CUST801,Male,21,"20-35",Clothing,4,200.00,50.0000000000000000
802,2023-07-05,CUST802,Female,46,"36-50",Beauty,1,30.00,30.0000000000000000
803,2023-11-22,CUST803,Male,39,"36-50",Clothing,4,100.00,25.0000000000000000
804,2023-08-24,CUST804,Male,42,"36-50",Electronics,1,30.00,30.0000000000000000
805,2023-12-29,CUST805,Female,30,"20-35",Beauty,3,1500.00,500.0000000000000000
806,2023-03-20,CUST806,Female,35,"20-35",Beauty,3,900.00,300.0000000000000000
807,2023-08-11,CUST807,Female,50,"36-50",Electronics,4,200.00,50.0000000000000000
808,2023-04-01,CUST808,Male,33,"20-35",Beauty,4,2000.00,500.0000000000000000
809,2023-09-25,CUST809,Female,62,"50+",Beauty,2,100.00,50.0000000000000000
810,2023-11-30,CUST810,Male,59,"50+",Electronics,4,100.00,25.0000000000000000
811,2023-05-19,CUST811,Male,61,"50+",Beauty,2,50.00,25.0000000000000000
812,2023-11-12,CUST812,Male,19,"18-20",Electronics,3,75.00,25.0000000000000000
813,2023-10-03,CUST813,Male,52,"50+",Electronics,3,150.00,50.0000000000000000
814,2023-09-05,CUST814,Female,59,"50+",Clothing,1,500.00,500.0000000000000000
815,2023-08-27,CUST815,Female,51,"50+",Clothing,3,75.00,25.0000000000000000
816,2023-08-12,CUST816,Male,47,"36-50",Beauty,2,1000.00,500.0000000000000000
817,2023-10-31,CUST817,Male,30,"20-35",Beauty,4,200.00,50.0000000000000000
818,2023-05-18,CUST818,Male,30,"20-35",Electronics,1,500.00,500.0000000000000000
819,2023-06-15,CUST819,Female,35,"20-35",Beauty,2,100.00,50.0000000000000000
820,2023-05-06,CUST820,Male,49,"36-50",Electronics,4,200.00,50.0000000000000000
821,2023-02-14,CUST821,Male,49,"36-50",Electronics,1,300.00,300.0000000000000000
822,2023-05-23,CUST822,Female,52,"50+",Beauty,3,150.00,50.0000000000000000
823,2023-08-19,CUST823,Female,56,"50+",Electronics,2,100.00,50.0000000000000000
824,2023-05-05,CUST824,Male,63,"50+",Clothing,4,120.00,30.0000000000000000
825,2023-08-26,CUST825,Female,46,"36-50",Beauty,1,25.00,25.0000000000000000
826,2023-10-19,CUST826,Female,46,"36-50",Clothing,1,300.00,300.0000000000000000
827,2023-11-09,CUST827,Male,61,"50+",Beauty,3,900.00,300.0000000000000000
828,2023-12-09,CUST828,Female,33,"20-35",Electronics,4,1200.00,300.0000000000000000
829,2023-07-14,CUST829,Male,61,"50+",Beauty,3,90.00,30.0000000000000000
830,2023-06-22,CUST830,Female,64,"50+",Clothing,3,150.00,50.0000000000000000
831,2023-01-15,CUST831,Male,27,"20-35",Electronics,4,100.00,25.0000000000000000
832,2023-09-11,CUST832,Male,47,"36-50",Beauty,4,2000.00,500.0000000000000000
833,2023-06-16,CUST833,Male,42,"36-50",Beauty,4,200.00,50.0000000000000000
834,2023-04-04,CUST834,Female,56,"50+",Beauty,2,60.00,30.0000000000000000
835,2023-09-07,CUST835,Male,37,"36-50",Clothing,4,200.00,50.0000000000000000
836,2023-04-19,CUST836,Female,22,"20-35",Clothing,1,50.00,50.0000000000000000
837,2023-07-01,CUST837,Male,18,"18-20",Beauty,3,90.00,30.0000000000000000
838,2023-05-13,CUST838,Male,47,"36-50",Electronics,2,600.00,300.0000000000000000
839,2023-06-24,CUST839,Female,20,"20-35",Electronics,4,1200.00,300.0000000000000000
840,2023-05-24,CUST840,Male,62,"50+",Clothing,2,50.00,25.0000000000000000
841,2023-11-02,CUST841,Male,31,"20-35",Electronics,4,100.00,25.0000000000000000
842,2023-12-26,CUST842,Female,47,"36-50",Clothing,2,600.00,300.0000000000000000
843,2023-05-22,CUST843,Male,21,"20-35",Beauty,3,1500.00,500.0000000000000000
844,2023-10-12,CUST844,Male,35,"20-35",Clothing,3,150.00,50.0000000000000000
845,2023-01-06,CUST845,Male,54,"50+",Clothing,1,500.00,500.0000000000000000
846,2023-09-22,CUST846,Male,42,"36-50",Beauty,1,50.00,50.0000000000000000
847,2023-04-08,CUST847,Female,18,"18-20",Electronics,4,1200.00,300.0000000000000000
848,2023-02-13,CUST848,Female,63,"50+",Clothing,3,75.00,25.0000000000000000
849,2023-05-04,CUST849,Male,32,"20-35",Clothing,2,50.00,25.0000000000000000
850,2023-07-28,CUST850,Female,26,"20-35",Beauty,2,1000.00,500.0000000000000000
851,2023-09-08,CUST851,Male,32,"20-35",Electronics,2,50.00,25.0000000000000000
852,2023-10-12,CUST852,Female,41,"36-50",Clothing,1,300.00,300.0000000000000000
853,2023-05-04,CUST853,Male,21,"20-35",Beauty,2,1000.00,500.0000000000000000
854,2023-12-20,CUST854,Male,29,"20-35",Clothing,1,50.00,50.0000000000000000
855,2023-09-01,CUST855,Male,54,"50+",Beauty,1,25.00,25.0000000000000000
856,2023-11-27,CUST856,Male,54,"50+",Electronics,4,120.00,30.0000000000000000
857,2023-12-31,CUST857,Male,60,"50+",Electronics,2,50.00,25.0000000000000000
858,2023-09-09,CUST858,Male,23,"20-35",Electronics,2,100.00,50.0000000000000000
859,2023-08-18,CUST859,Female,56,"50+",Electronics,3,1500.00,500.0000000000000000
860,2023-01-09,CUST860,Male,63,"50+",Clothing,4,200.00,50.0000000000000000
861,2023-02-17,CUST861,Female,41,"36-50",Clothing,3,90.00,30.0000000000000000
862,2023-05-31,CUST862,Male,28,"20-35",Electronics,4,1200.00,300.0000000000000000
863,2023-04-24,CUST863,Female,30,"20-35",Electronics,2,50.00,25.0000000000000000
864,2023-07-27,CUST864,Female,51,"50+",Electronics,1,500.00,500.0000000000000000
865,2023-12-21,CUST865,Female,42,"36-50",Clothing,1,300.00,300.0000000000000000
866,2023-05-05,CUST866,Male,24,"20-35",Electronics,1,50.00,50.0000000000000000
867,2023-06-06,CUST867,Male,21,"20-35",Electronics,1,500.00,500.0000000000000000
868,2023-12-06,CUST868,Female,25,"20-35",Electronics,1,300.00,300.0000000000000000
869,2023-10-25,CUST869,Male,37,"36-50",Beauty,3,1500.00,500.0000000000000000
870,2023-07-08,CUST870,Female,46,"36-50",Electronics,4,120.00,30.0000000000000000
871,2023-08-31,CUST871,Male,62,"50+",Beauty,2,60.00,30.0000000000000000
872,2023-10-11,CUST872,Female,63,"50+",Beauty,3,75.00,25.0000000000000000
873,2023-09-29,CUST873,Female,27,"20-35",Electronics,4,100.00,25.0000000000000000
874,2023-06-26,CUST874,Male,60,"50+",Beauty,1,30.00,30.0000000000000000
875,2023-08-06,CUST875,Female,51,"50+",Electronics,4,2000.00,500.0000000000000000
876,2023-10-09,CUST876,Male,43,"36-50",Clothing,4,120.00,30.0000000000000000
877,2023-06-19,CUST877,Female,58,"50+",Clothing,1,25.00,25.0000000000000000
878,2023-06-30,CUST878,Female,20,"20-35",Clothing,1,30.00,30.0000000000000000
879,2023-12-26,CUST879,Male,23,"20-35",Clothing,1,30.00,30.0000000000000000
880,2023-08-21,CUST880,Male,22,"20-35",Beauty,2,1000.00,500.0000000000000000
881,2023-05-19,CUST881,Male,22,"20-35",Electronics,1,300.00,300.0000000000000000
882,2023-06-06,CUST882,Female,64,"50+",Electronics,2,50.00,25.0000000000000000
883,2023-05-09,CUST883,Male,40,"36-50",Electronics,1,500.00,500.0000000000000000
884,2023-04-29,CUST884,Female,26,"20-35",Clothing,2,60.00,30.0000000000000000
885,2023-03-03,CUST885,Female,52,"50+",Clothing,4,120.00,30.0000000000000000
886,2023-04-09,CUST886,Male,37,"36-50",Electronics,3,900.00,300.0000000000000000
887,2023-06-11,CUST887,Male,59,"50+",Clothing,4,100.00,25.0000000000000000
888,2023-03-03,CUST888,Female,52,"50+",Electronics,4,100.00,25.0000000000000000
889,2023-10-02,CUST889,Female,35,"20-35",Electronics,1,50.00,50.0000000000000000
890,2023-12-20,CUST890,Male,34,"20-35",Electronics,2,50.00,25.0000000000000000
891,2023-04-05,CUST891,Male,41,"36-50",Electronics,3,900.00,300.0000000000000000
892,2023-04-09,CUST892,Male,20,"20-35",Electronics,1,50.00,50.0000000000000000
893,2023-04-21,CUST893,Male,49,"36-50",Electronics,1,50.00,50.0000000000000000
894,2023-09-05,CUST894,Male,52,"50+",Electronics,1,30.00,30.0000000000000000
895,2023-05-22,CUST895,Female,55,"50+",Clothing,4,120.00,30.0000000000000000
896,2023-10-29,CUST896,Female,30,"20-35",Electronics,2,50.00,25.0000000000000000
897,2023-09-26,CUST897,Female,64,"50+",Electronics,2,100.00,50.0000000000000000
898,2023-11-02,CUST898,Female,42,"36-50",Clothing,3,90.00,30.0000000000000000
899,2023-05-25,CUST899,Male,26,"20-35",Clothing,2,600.00,300.0000000000000000
900,2023-02-21,CUST900,Male,21,"20-35",Clothing,2,60.00,30.0000000000000000
901,2023-04-10,CUST901,Male,31,"20-35",Electronics,1,30.00,30.0000000000000000
902,2023-06-01,CUST902,Female,54,"50+",Beauty,1,50.00,50.0000000000000000
903,2023-04-27,CUST903,Female,51,"50+",Beauty,4,200.00,50.0000000000000000
904,2023-07-04,CUST904,Male,28,"20-35",Clothing,1,500.00,500.0000000000000000
905,2023-04-02,CUST905,Male,58,"50+",Beauty,1,300.00,300.0000000000000000
906,2023-06-04,CUST906,Female,20,"20-35",Clothing,1,50.00,50.0000000000000000
907,2023-01-08,CUST907,Female,45,"36-50",Electronics,1,25.00,25.0000000000000000
908,2023-12-29,CUST908,Male,46,"36-50",Beauty,4,1200.00,300.0000000000000000
909,2023-10-01,CUST909,Male,26,"20-35",Electronics,1,300.00,300.0000000000000000
910,2023-03-06,CUST910,Female,20,"20-35",Beauty,3,150.00,50.0000000000000000
911,2023-05-21,CUST911,Male,42,"36-50",Electronics,3,900.00,300.0000000000000000
912,2023-01-24,CUST912,Male,51,"50+",Beauty,3,150.00,50.0000000000000000
913,2023-01-28,CUST913,Male,29,"20-35",Electronics,3,90.00,30.0000000000000000
914,2023-10-11,CUST914,Female,59,"50+",Electronics,1,500.00,500.0000000000000000
915,2023-05-30,CUST915,Female,26,"20-35",Beauty,3,90.00,30.0000000000000000
916,2023-12-24,CUST916,Female,32,"20-35",Electronics,1,50.00,50.0000000000000000
917,2023-03-06,CUST917,Female,57,"50+",Electronics,4,200.00,50.0000000000000000
918,2023-11-23,CUST918,Female,42,"36-50",Electronics,3,90.00,30.0000000000000000
919,2023-09-09,CUST919,Female,22,"20-35",Beauty,2,50.00,25.0000000000000000
920,2023-02-22,CUST920,Female,28,"20-35",Beauty,3,75.00,25.0000000000000000
921,2023-01-07,CUST921,Male,51,"50+",Electronics,3,75.00,25.0000000000000000
922,2023-10-21,CUST922,Male,41,"36-50",Electronics,1,50.00,50.0000000000000000
923,2023-05-26,CUST923,Male,32,"20-35",Beauty,3,900.00,300.0000000000000000
924,2023-08-29,CUST924,Male,55,"50+",Beauty,2,100.00,50.0000000000000000
925,2023-09-03,CUST925,Male,25,"20-35",Electronics,1,300.00,300.0000000000000000
926,2023-08-14,CUST926,Male,22,"20-35",Electronics,1,30.00,30.0000000000000000
927,2023-06-24,CUST927,Male,43,"36-50",Electronics,4,2000.00,500.0000000000000000
928,2023-04-05,CUST928,Female,35,"20-35",Clothing,4,1200.00,300.0000000000000000
929,2023-01-27,CUST929,Female,23,"20-35",Beauty,3,75.00,25.0000000000000000
930,2023-05-10,CUST930,Male,54,"50+",Clothing,4,200.00,50.0000000000000000
931,2023-09-02,CUST931,Male,30,"20-35",Beauty,4,120.00,30.0000000000000000
932,2023-02-28,CUST932,Female,45,"36-50",Beauty,4,100.00,25.0000000000000000
933,2023-02-03,CUST933,Male,22,"20-35",Beauty,1,30.00,30.0000000000000000
934,2023-07-25,CUST934,Male,30,"20-35",Beauty,1,500.00,500.0000000000000000
935,2023-09-09,CUST935,Female,34,"20-35",Beauty,1,50.00,50.0000000000000000
936,2023-02-07,CUST936,Male,57,"50+",Beauty,4,200.00,50.0000000000000000
937,2023-10-23,CUST937,Female,62,"50+",Beauty,1,500.00,500.0000000000000000
938,2023-11-19,CUST938,Male,49,"36-50",Clothing,4,200.00,50.0000000000000000
939,2023-12-18,CUST939,Female,46,"36-50",Electronics,1,300.00,300.0000000000000000
940,2023-01-28,CUST940,Female,20,"20-35",Electronics,1,30.00,30.0000000000000000
941,2023-03-19,CUST941,Female,57,"50+",Clothing,2,50.00,25.0000000000000000
942,2023-03-18,CUST942,Male,51,"50+",Clothing,3,1500.00,500.0000000000000000
943,2023-10-16,CUST943,Female,57,"50+",Clothing,4,1200.00,300.0000000000000000
944,2023-06-05,CUST944,Male,44,"36-50",Clothing,2,50.00,25.0000000000000000
945,2023-02-13,CUST945,Male,30,"20-35",Beauty,1,25.00,25.0000000000000000
946,2023-05-08,CUST946,Male,62,"50+",Electronics,4,2000.00,500.0000000000000000
947,2023-03-02,CUST947,Male,50,"36-50",Beauty,1,300.00,300.0000000000000000
948,2023-10-13,CUST948,Female,23,"20-35",Electronics,3,75.00,25.0000000000000000
949,2023-08-02,CUST949,Female,41,"36-50",Electronics,2,50.00,25.0000000000000000
950,2023-11-07,CUST950,Male,36,"36-50",Clothing,3,900.00,300.0000000000000000
951,2023-11-02,CUST951,Male,33,"20-35",Beauty,2,100.00,50.0000000000000000
952,2023-11-13,CUST952,Female,57,"50+",Clothing,1,25.00,25.0000000000000000
953,2023-04-26,CUST953,Male,45,"36-50",Beauty,3,90.00,30.0000000000000000
954,2023-09-25,CUST954,Female,50,"36-50",Electronics,3,900.00,300.0000000000000000
955,2023-07-14,CUST955,Male,58,"50+",Clothing,1,25.00,25.0000000000000000
956,2023-08-19,CUST956,Male,30,"20-35",Clothing,3,1500.00,500.0000000000000000
957,2023-08-15,CUST957,Female,60,"50+",Electronics,4,120.00,30.0000000000000000
958,2023-06-02,CUST958,Male,62,"50+",Electronics,2,50.00,25.0000000000000000
959,2023-10-29,CUST959,Female,42,"36-50",Electronics,2,60.00,30.0000000000000000
960,2023-08-08,CUST960,Male,59,"50+",Clothing,2,60.00,30.0000000000000000
961,2023-06-06,CUST961,Male,53,"50+",Beauty,4,200.00,50.0000000000000000
962,2023-10-19,CUST962,Male,44,"36-50",Clothing,2,60.00,30.0000000000000000
963,2023-11-14,CUST963,Female,55,"50+",Beauty,1,50.00,50.0000000000000000
964,2023-01-31,CUST964,Male,24,"20-35",Clothing,3,900.00,300.0000000000000000
965,2023-11-09,CUST965,Male,22,"20-35",Clothing,4,200.00,50.0000000000000000
966,2023-02-20,CUST966,Male,60,"50+",Electronics,2,1000.00,500.0000000000000000
967,2023-04-17,CUST967,Male,62,"50+",Beauty,1,25.00,25.0000000000000000
968,2023-11-17,CUST968,Female,48,"36-50",Clothing,3,900.00,300.0000000000000000
969,2023-04-19,CUST969,Female,40,"36-50",Clothing,3,900.00,300.0000000000000000
970,2023-05-16,CUST970,Male,59,"50+",Electronics,4,2000.00,500.0000000000000000
971,2023-12-05,CUST971,Female,27,"20-35",Electronics,4,200.00,50.0000000000000000
972,2023-02-11,CUST972,Male,49,"36-50",Beauty,4,100.00,25.0000000000000000
973,2023-03-22,CUST973,Male,60,"50+",Clothing,1,50.00,50.0000000000000000
974,2023-05-03,CUST974,Male,47,"36-50",Beauty,1,30.00,30.0000000000000000
975,2023-03-30,CUST975,Female,56,"50+",Clothing,4,200.00,50.0000000000000000
976,2023-10-10,CUST976,Female,48,"36-50",Beauty,2,600.00,300.0000000000000000
977,2023-02-08,CUST977,Female,35,"20-35",Electronics,3,75.00,25.0000000000000000
978,2023-03-22,CUST978,Female,53,"50+",Clothing,3,150.00,50.0000000000000000
979,2023-01-02,CUST979,Female,19,"18-20",Beauty,1,25.00,25.0000000000000000
980,2023-07-29,CUST980,Female,31,"20-35",Electronics,3,75.00,25.0000000000000000
981,2023-08-19,CUST981,Female,30,"20-35",Electronics,2,60.00,30.0000000000000000
982,2023-12-19,CUST982,Female,46,"36-50",Beauty,3,90.00,30.0000000000000000
983,2023-11-01,CUST983,Female,29,"20-35",Clothing,1,300.00,300.0000000000000000
984,2023-08-29,CUST984,Male,56,"50+",Clothing,1,500.00,500.0000000000000000
985,2023-05-30,CUST985,Female,19,"18-20",Electronics,2,50.00,25.0000000000000000
986,2023-01-17,CUST986,Female,49,"36-50",Clothing,2,1000.00,500.0000000000000000
987,2023-04-29,CUST987,Female,30,"20-35",Clothing,3,900.00,300.0000000000000000
988,2023-05-28,CUST988,Female,63,"50+",Clothing,3,75.00,25.0000000000000000
989,2023-12-28,CUST989,Female,44,"36-50",Electronics,1,25.00,25.0000000000000000
990,2023-05-25,CUST990,Female,58,"50+",Beauty,2,1000.00,500.0000000000000000
991,2023-12-26,CUST991,Female,34,"20-35",Clothing,2,100.00,50.0000000000000000
992,2023-08-21,CUST992,Female,57,"50+",Electronics,2,60.00,30.0000000000000000
993,2023-02-06,CUST993,Female,48,"36-50",Electronics,3,150.00,50.0000000000000000
994,2023-12-18,CUST994,Female,51,"50+",Beauty,2,1000.00,500.0000000000000000
995,2023-04-30,CUST995,Female,41,"36-50",Clothing,1,30.00,30.0000000000000000
996,2023-05-16,CUST996,Male,62,"50+",Clothing,1,50.00,50.0000000000000000
997,2023-11-17,CUST997,Male,52,"50+",Beauty,3,90.00,30.0000000000000000
998,2023-10-29,CUST998,Female,23,"20-35",Beauty,4,100.00,25.0000000000000000
999,2023-12-05,CUST999,Female,36,"36-50",Electronics,3,150.00,50.0000000000000000
1000,2023-04-12,CUST1000,Male,47,"36-50",Electronics,4,120.00,30.0000000000000000
